

*******************************************************************************
Sat Jul 28 14:38:57 2018


FIT:    data read from ocum u ($1*0.5):(($0+1)/A)
        format = x:z
        x range restricted to [5.00000 : 20.0000]
        #datapoints = 224
        residuals are weighted equally (unit weight)

function used for fitting: y(x)
	y(x) = a * x**p
fitted parameters initialized with current variable values

   3 1.6145569219e-09  -1.43e-06  2.01e-07    6.264901e-03

After 3 iterations the fit converged.
final sum of squares of residuals : 1.61456e-09
rel. change during last iteration : -1.42934e-11

degrees of freedom    (FIT_NDF)                        : 223
rms of residuals      (FIT_STDFIT) = sqrt(WSSR/ndf)    : 2.69076e-06
variance of residuals (reduced chisquare) = WSSR/ndf   : 7.24017e-12

Final set of parameters            Asymptotic Standard Error
=======================            ==========================
a               = 0.0062649        +/- 7.503e-06    (0.1198%)


*******************************************************************************
Sat Jul 28 14:38:58 2018


FIT:    data read from ocum u ($1*0.5):(($0+1)/A)
        format = x:z
        x range restricted to [5.00000 : 20.0000]
        #datapoints = 252
        residuals are weighted equally (unit weight)

function used for fitting: y(x)
	y(x) = a * x**p
fitted parameters initialized with current variable values

   3 2.9403833656e-09  -3.42e-07  2.07e-07    6.761103e-03

After 3 iterations the fit converged.
final sum of squares of residuals : 2.94038e-09
rel. change during last iteration : -3.42279e-12

degrees of freedom    (FIT_NDF)                        : 251
rms of residuals      (FIT_STDFIT) = sqrt(WSSR/ndf)    : 3.42267e-06
variance of residuals (reduced chisquare) = WSSR/ndf   : 1.17147e-11

Final set of parameters            Asymptotic Standard Error
=======================            ==========================
a               = 0.0067611        +/- 8.77e-06     (0.1297%)


*******************************************************************************
Sat Jul 28 14:38:59 2018


FIT:    data read from ocum u ($1*0.5):(($0+1)/A)
        format = x:z
        x range restricted to [5.00000 : 20.0000]
        #datapoints = 269
        residuals are weighted equally (unit weight)

function used for fitting: y(x)
	y(x) = a * x**p
fitted parameters initialized with current variable values

   3 3.5329329434e-09  -1.52e-07  2.08e-07    7.092983e-03

After 3 iterations the fit converged.
final sum of squares of residuals : 3.53293e-09
rel. change during last iteration : -1.51895e-12

degrees of freedom    (FIT_NDF)                        : 268
rms of residuals      (FIT_STDFIT) = sqrt(WSSR/ndf)    : 3.63078e-06
variance of residuals (reduced chisquare) = WSSR/ndf   : 1.31826e-11

Final set of parameters            Asymptotic Standard Error
=======================            ==========================
a               = 0.00709298       +/- 8.921e-06    (0.1258%)


*******************************************************************************
Sat Jul 28 14:38:59 2018


FIT:    data read from ocum u ($1*0.5):(($0+1)/A)
        format = x:z
        x range restricted to [5.00000 : 20.0000]
        #datapoints = 289
        residuals are weighted equally (unit weight)

function used for fitting: y(x)
	y(x) = a * x**p
fitted parameters initialized with current variable values

   3 5.7921089035e-09  -2.60e-08  2.07e-07    7.622385e-03

After 3 iterations the fit converged.
final sum of squares of residuals : 5.79211e-09
rel. change during last iteration : -2.59917e-13

degrees of freedom    (FIT_NDF)                        : 288
rms of residuals      (FIT_STDFIT) = sqrt(WSSR/ndf)    : 4.48458e-06
variance of residuals (reduced chisquare) = WSSR/ndf   : 2.01115e-11

Final set of parameters            Asymptotic Standard Error
=======================            ==========================
a               = 0.00762238       +/- 1.072e-05    (0.1407%)


*******************************************************************************
Sat Jul 28 14:39:00 2018


FIT:    data read from ocum u ($1*0.5):(($0+1)/A)
        format = x:z
        x range restricted to [5.00000 : 20.0000]
        #datapoints = 316
        residuals are weighted equally (unit weight)

function used for fitting: y(x)
	y(x) = a * x**p
fitted parameters initialized with current variable values

   2 1.7905735098e-08  -6.95e-01  2.09e-06    8.147425e-03

After 2 iterations the fit converged.
final sum of squares of residuals : 1.79057e-08
rel. change during last iteration : -6.95483e-06

degrees of freedom    (FIT_NDF)                        : 315
rms of residuals      (FIT_STDFIT) = sqrt(WSSR/ndf)    : 7.53947e-06
variance of residuals (reduced chisquare) = WSSR/ndf   : 5.68436e-11

Final set of parameters            Asymptotic Standard Error
=======================            ==========================
a               = 0.00814742       +/- 1.702e-05    (0.2089%)


*******************************************************************************
Sat Jul 28 14:39:00 2018


FIT:    data read from ocum u ($1*0.5):(($0+1)/A)
        format = x:z
        x range restricted to [5.00000 : 20.0000]
        #datapoints = 293
        residuals are weighted equally (unit weight)

function used for fitting: y(x)
	y(x) = a * x**p
fitted parameters initialized with current variable values

   3 1.1040574354e-08  -1.22e-08  2.10e-07    7.661191e-03

After 3 iterations the fit converged.
final sum of squares of residuals : 1.10406e-08
rel. change during last iteration : -1.21823e-13

degrees of freedom    (FIT_NDF)                        : 292
rms of residuals      (FIT_STDFIT) = sqrt(WSSR/ndf)    : 6.149e-06
variance of residuals (reduced chisquare) = WSSR/ndf   : 3.78102e-11

Final set of parameters            Asymptotic Standard Error
=======================            ==========================
a               = 0.00766119       +/- 1.437e-05    (0.1875%)


*******************************************************************************
Sat Jul 28 14:39:01 2018


FIT:    data read from ocum u ($1*0.5):(($0+1)/A)
        format = x:z
        x range restricted to [5.00000 : 20.0000]
        #datapoints = 210
        residuals are weighted equally (unit weight)

function used for fitting: y(x)
	y(x) = a * x**p
fitted parameters initialized with current variable values

   3 5.3779188352e-09  -6.44e-07  1.99e-07    5.996687e-03

After 3 iterations the fit converged.
final sum of squares of residuals : 5.37792e-09
rel. change during last iteration : -6.43989e-12

degrees of freedom    (FIT_NDF)                        : 209
rms of residuals      (FIT_STDFIT) = sqrt(WSSR/ndf)    : 5.07264e-06
variance of residuals (reduced chisquare) = WSSR/ndf   : 2.57317e-11

Final set of parameters            Asymptotic Standard Error
=======================            ==========================
a               = 0.00599669       +/- 1.478e-05    (0.2465%)


*******************************************************************************
Sat Jul 28 14:39:02 2018


FIT:    data read from ocum u ($1*0.5):(($0+1)/A)
        format = x:z
        x range restricted to [5.00000 : 20.0000]
        #datapoints = 223
        residuals are weighted equally (unit weight)

function used for fitting: y(x)
	y(x) = a * x**p
fitted parameters initialized with current variable values

   3 7.5485860937e-09  -2.89e-07  1.99e-07    6.311998e-03

After 3 iterations the fit converged.
final sum of squares of residuals : 7.54859e-09
rel. change during last iteration : -2.89315e-12

degrees of freedom    (FIT_NDF)                        : 222
rms of residuals      (FIT_STDFIT) = sqrt(WSSR/ndf)    : 5.83118e-06
variance of residuals (reduced chisquare) = WSSR/ndf   : 3.40026e-11

Final set of parameters            Asymptotic Standard Error
=======================            ==========================
a               = 0.006312         +/- 1.649e-05    (0.2613%)


*******************************************************************************
Sat Jul 28 14:39:02 2018


FIT:    data read from ocum u ($1*0.5):(($0+1)/A)
        format = x:z
        x range restricted to [5.00000 : 20.0000]
        #datapoints = 162
        residuals are weighted equally (unit weight)

function used for fitting: y(x)
	y(x) = a * x**p
fitted parameters initialized with current variable values

   3 4.7717292750e-09  -3.82e-06  2.03e-07    4.732492e-03

After 3 iterations the fit converged.
final sum of squares of residuals : 4.77173e-09
rel. change during last iteration : -3.82359e-11

degrees of freedom    (FIT_NDF)                        : 161
rms of residuals      (FIT_STDFIT) = sqrt(WSSR/ndf)    : 5.44409e-06
variance of residuals (reduced chisquare) = WSSR/ndf   : 2.96381e-11

Final set of parameters            Asymptotic Standard Error
=======================            ==========================
a               = 0.00473249       +/- 1.77e-05     (0.374%)


*******************************************************************************
Sat Jul 28 14:39:03 2018


FIT:    data read from ocum u ($1*0.5):(($0+1)/A)
        format = x:z
        x range restricted to [5.00000 : 20.0000]
        #datapoints = 186
        residuals are weighted equally (unit weight)

function used for fitting: y(x)
	y(x) = a * x**p
fitted parameters initialized with current variable values

   3 2.6861568890e-09  -3.65e-06  2.08e-07    5.176532e-03

After 3 iterations the fit converged.
final sum of squares of residuals : 2.68616e-09
rel. change during last iteration : -3.6485e-11

degrees of freedom    (FIT_NDF)                        : 185
rms of residuals      (FIT_STDFIT) = sqrt(WSSR/ndf)    : 3.81048e-06
variance of residuals (reduced chisquare) = WSSR/ndf   : 1.45198e-11

Final set of parameters            Asymptotic Standard Error
=======================            ==========================
a               = 0.00517653       +/- 1.128e-05    (0.2179%)


*******************************************************************************
Sat Jul 28 14:39:04 2018


FIT:    data read from ocum u ($1*0.5):(($0+1)/A)
        format = x:z
        x range restricted to [5.00000 : 20.0000]
        #datapoints = 210
        residuals are weighted equally (unit weight)

function used for fitting: y(x)
	y(x) = a * x**p
fitted parameters initialized with current variable values

   3 2.4545390984e-09  -1.89e-06  2.08e-07    5.738904e-03

After 3 iterations the fit converged.
final sum of squares of residuals : 2.45454e-09
rel. change during last iteration : -1.89012e-11

degrees of freedom    (FIT_NDF)                        : 209
rms of residuals      (FIT_STDFIT) = sqrt(WSSR/ndf)    : 3.42698e-06
variance of residuals (reduced chisquare) = WSSR/ndf   : 1.17442e-11

Final set of parameters            Asymptotic Standard Error
=======================            ==========================
a               = 0.0057389        +/- 9.555e-06    (0.1665%)


*******************************************************************************
Sat Jul 28 14:39:04 2018


FIT:    data read from ocum u ($1*0.5):(($0+1)/A)
        format = x:z
        x range restricted to [5.00000 : 20.0000]
        #datapoints = 219
        residuals are weighted equally (unit weight)

function used for fitting: y(x)
	y(x) = a * x**p
fitted parameters initialized with current variable values

   3 3.4064175659e-09  -8.28e-07  2.03e-07    6.135158e-03

After 3 iterations the fit converged.
final sum of squares of residuals : 3.40642e-09
rel. change during last iteration : -8.27917e-12

degrees of freedom    (FIT_NDF)                        : 218
rms of residuals      (FIT_STDFIT) = sqrt(WSSR/ndf)    : 3.95294e-06
variance of residuals (reduced chisquare) = WSSR/ndf   : 1.56258e-11

Final set of parameters            Asymptotic Standard Error
=======================            ==========================
a               = 0.00613516       +/- 1.106e-05    (0.1803%)


*******************************************************************************
Sat Jul 28 14:39:05 2018


FIT:    data read from ocum u ($1*0.5):(($0+1)/A)
        format = x:z
        x range restricted to [5.00000 : 20.0000]
        #datapoints = 249
        residuals are weighted equally (unit weight)

function used for fitting: y(x)
	y(x) = a * x**p
fitted parameters initialized with current variable values

   3 2.1802220478e-09  -5.05e-07  2.07e-07    6.718502e-03

After 3 iterations the fit converged.
final sum of squares of residuals : 2.18022e-09
rel. change during last iteration : -5.04965e-12

degrees of freedom    (FIT_NDF)                        : 248
rms of residuals      (FIT_STDFIT) = sqrt(WSSR/ndf)    : 2.965e-06
variance of residuals (reduced chisquare) = WSSR/ndf   : 8.79122e-12

Final set of parameters            Asymptotic Standard Error
=======================            ==========================
a               = 0.0067185        +/- 7.632e-06    (0.1136%)


*******************************************************************************
Sat Jul 28 14:39:05 2018


FIT:    data read from ocum u ($1*0.5):(($0+1)/A)
        format = x:z
        x range restricted to [5.00000 : 20.0000]
        #datapoints = 270
        residuals are weighted equally (unit weight)

function used for fitting: y(x)
	y(x) = a * x**p
fitted parameters initialized with current variable values

   3 4.8014949456e-09  -1.07e-07  2.09e-07    7.121284e-03

After 3 iterations the fit converged.
final sum of squares of residuals : 4.80149e-09
rel. change during last iteration : -1.06673e-12

degrees of freedom    (FIT_NDF)                        : 269
rms of residuals      (FIT_STDFIT) = sqrt(WSSR/ndf)    : 4.22486e-06
variance of residuals (reduced chisquare) = WSSR/ndf   : 1.78494e-11

Final set of parameters            Asymptotic Standard Error
=======================            ==========================
a               = 0.00712128       +/- 1.032e-05    (0.1449%)


*******************************************************************************
Sat Jul 28 14:39:06 2018


FIT:    data read from ocum u ($1*0.5):(($0+1)/A)
        format = x:z
        x range restricted to [5.00000 : 20.0000]
        #datapoints = 300
        residuals are weighted equally (unit weight)

function used for fitting: y(x)
	y(x) = a * x**p
fitted parameters initialized with current variable values

   3 1.2916178272e-08  -8.04e-09  2.11e-07    7.733467e-03

After 3 iterations the fit converged.
final sum of squares of residuals : 1.29162e-08
rel. change during last iteration : -8.0437e-14

degrees of freedom    (FIT_NDF)                        : 299
rms of residuals      (FIT_STDFIT) = sqrt(WSSR/ndf)    : 6.57251e-06
variance of residuals (reduced chisquare) = WSSR/ndf   : 4.31979e-11

Final set of parameters            Asymptotic Standard Error
=======================            ==========================
a               = 0.00773347       +/- 1.507e-05    (0.1949%)


*******************************************************************************
Sat Jul 28 14:39:07 2018


FIT:    data read from ocum u ($1*0.5):(($0+1)/A)
        format = x:z
        x range restricted to [5.00000 : 20.0000]
        #datapoints = 318
        residuals are weighted equally (unit weight)

function used for fitting: y(x)
	y(x) = a * x**p
fitted parameters initialized with current variable values

   2 2.3197627616e-08  -6.63e-01  2.13e-06    8.123171e-03

After 2 iterations the fit converged.
final sum of squares of residuals : 2.31976e-08
rel. change during last iteration : -6.63255e-06

degrees of freedom    (FIT_NDF)                        : 317
rms of residuals      (FIT_STDFIT) = sqrt(WSSR/ndf)    : 8.55445e-06
variance of residuals (reduced chisquare) = WSSR/ndf   : 7.31786e-11

Final set of parameters            Asymptotic Standard Error
=======================            ==========================
a               = 0.00812317       +/- 1.893e-05    (0.233%)


*******************************************************************************
Sat Jul 28 14:39:08 2018


FIT:    data read from ocum u ($1*0.5):(($0+1)/A)
        format = x:z
        x range restricted to [5.00000 : 20.0000]
        #datapoints = 336
        residuals are weighted equally (unit weight)

function used for fitting: y(x)
	y(x) = a * x**p
fitted parameters initialized with current variable values

   2 4.1462150873e-08  -9.21e-03  2.15e-06    8.444374e-03

After 2 iterations the fit converged.
final sum of squares of residuals : 4.14622e-08
rel. change during last iteration : -9.2068e-08

degrees of freedom    (FIT_NDF)                        : 335
rms of residuals      (FIT_STDFIT) = sqrt(WSSR/ndf)    : 1.11251e-05
variance of residuals (reduced chisquare) = WSSR/ndf   : 1.23768e-10

Final set of parameters            Asymptotic Standard Error
=======================            ==========================
a               = 0.00844437       +/- 2.371e-05    (0.2808%)


*******************************************************************************
Sat Jul 28 14:39:08 2018


FIT:    data read from ocum u ($1*0.5):(($0+1)/A)
        format = x:z
        x range restricted to [5.00000 : 20.0000]
        #datapoints = 360
        residuals are weighted equally (unit weight)

function used for fitting: y(x)
	y(x) = a * x**p
fitted parameters initialized with current variable values

   3 4.6001237619e-08  -1.40e-09  2.13e-07    9.081382e-03

After 3 iterations the fit converged.
final sum of squares of residuals : 4.60012e-08
rel. change during last iteration : -1.39538e-14

degrees of freedom    (FIT_NDF)                        : 359
rms of residuals      (FIT_STDFIT) = sqrt(WSSR/ndf)    : 1.13198e-05
variance of residuals (reduced chisquare) = WSSR/ndf   : 1.28137e-10

Final set of parameters            Asymptotic Standard Error
=======================            ==========================
a               = 0.00908138       +/- 2.356e-05    (0.2594%)


*******************************************************************************
Sat Jul 28 14:39:09 2018


FIT:    data read from ocum u ($1*0.5):(($0+1)/A)
        format = x:z
        x range restricted to [5.00000 : 20.0000]
        #datapoints = 371
        residuals are weighted equally (unit weight)

function used for fitting: y(x)
	y(x) = a * x**p
fitted parameters initialized with current variable values

   3 4.1146047017e-08  -2.72e-09  2.12e-07    9.349989e-03

After 3 iterations the fit converged.
final sum of squares of residuals : 4.1146e-08
rel. change during last iteration : -2.718e-14

degrees of freedom    (FIT_NDF)                        : 370
rms of residuals      (FIT_STDFIT) = sqrt(WSSR/ndf)    : 1.05454e-05
variance of residuals (reduced chisquare) = WSSR/ndf   : 1.11206e-10

Final set of parameters            Asymptotic Standard Error
=======================            ==========================
a               = 0.00934999       +/- 2.166e-05    (0.2316%)


*******************************************************************************
Sat Jul 28 14:39:10 2018


FIT:    data read from ocum u ($1*0.5):(($0+1)/A)
        format = x:z
        x range restricted to [5.00000 : 20.0000]
        #datapoints = 365
        residuals are weighted equally (unit weight)

function used for fitting: y(x)
	y(x) = a * x**p
fitted parameters initialized with current variable values

   3 2.6223001904e-08  -4.11e-09  2.11e-07    9.317246e-03

After 3 iterations the fit converged.
final sum of squares of residuals : 2.6223e-08
rel. change during last iteration : -4.11335e-14

degrees of freedom    (FIT_NDF)                        : 364
rms of residuals      (FIT_STDFIT) = sqrt(WSSR/ndf)    : 8.48771e-06
variance of residuals (reduced chisquare) = WSSR/ndf   : 7.20412e-11

Final set of parameters            Asymptotic Standard Error
=======================            ==========================
a               = 0.00931725       +/- 1.77e-05     (0.1899%)


*******************************************************************************
Sat Jul 28 14:39:10 2018


FIT:    data read from ocum u ($1*0.5):(($0+1)/A)
        format = x:z
        x range restricted to [5.00000 : 20.0000]
        #datapoints = 390
        residuals are weighted equally (unit weight)

function used for fitting: y(x)
	y(x) = a * x**p
fitted parameters initialized with current variable values

   3 3.8936396646e-08  -6.76e-09  2.09e-07    9.998927e-03

After 3 iterations the fit converged.
final sum of squares of residuals : 3.89364e-08
rel. change during last iteration : -6.76422e-14

degrees of freedom    (FIT_NDF)                        : 389
rms of residuals      (FIT_STDFIT) = sqrt(WSSR/ndf)    : 1.00047e-05
variance of residuals (reduced chisquare) = WSSR/ndf   : 1.00094e-10

Final set of parameters            Asymptotic Standard Error
=======================            ==========================
a               = 0.00999893       +/- 2.04e-05     (0.2041%)


*******************************************************************************
Sat Jul 28 14:39:11 2018


FIT:    data read from ocum u ($1*0.5):(($0+1)/A)
        format = x:z
        x range restricted to [5.00000 : 20.0000]
        #datapoints = 387
        residuals are weighted equally (unit weight)

function used for fitting: y(x)
	y(x) = a * x**p
fitted parameters initialized with current variable values

   3 2.8044834638e-08  -1.01e-08  2.07e-07    1.005534e-02

After 3 iterations the fit converged.
final sum of squares of residuals : 2.80448e-08
rel. change during last iteration : -1.01463e-13

degrees of freedom    (FIT_NDF)                        : 386
rms of residuals      (FIT_STDFIT) = sqrt(WSSR/ndf)    : 8.52379e-06
variance of residuals (reduced chisquare) = WSSR/ndf   : 7.2655e-11

Final set of parameters            Asymptotic Standard Error
=======================            ==========================
a               = 0.0100553        +/- 1.76e-05     (0.1751%)


*******************************************************************************
Sat Jul 28 14:39:11 2018


FIT:    data read from ocum u ($1*0.5):(($0+1)/A)
        format = x:z
        x range restricted to [5.00000 : 20.0000]
        #datapoints = 385
        residuals are weighted equally (unit weight)

function used for fitting: y(x)
	y(x) = a * x**p
fitted parameters initialized with current variable values

   3 2.0245170129e-08  -1.42e-08  2.06e-07    1.005685e-02

After 3 iterations the fit converged.
final sum of squares of residuals : 2.02452e-08
rel. change during last iteration : -1.4186e-13

degrees of freedom    (FIT_NDF)                        : 384
rms of residuals      (FIT_STDFIT) = sqrt(WSSR/ndf)    : 7.26098e-06
variance of residuals (reduced chisquare) = WSSR/ndf   : 5.27218e-11

Final set of parameters            Asymptotic Standard Error
=======================            ==========================
a               = 0.0100568        +/- 1.511e-05    (0.1502%)


*******************************************************************************
Sat Jul 28 14:39:12 2018


FIT:    data read from ocum u ($1*0.5):(($0+1)/A)
        format = x:z
        x range restricted to [5.00000 : 20.0000]
        #datapoints = 390
        residuals are weighted equally (unit weight)

function used for fitting: y(x)
	y(x) = a * x**p
fitted parameters initialized with current variable values

   3 1.7686433664e-08  -2.02e-08  2.03e-07    1.030466e-02

After 3 iterations the fit converged.
final sum of squares of residuals : 1.76864e-08
rel. change during last iteration : -2.01669e-13

degrees of freedom    (FIT_NDF)                        : 389
rms of residuals      (FIT_STDFIT) = sqrt(WSSR/ndf)    : 6.74288e-06
variance of residuals (reduced chisquare) = WSSR/ndf   : 4.54664e-11

Final set of parameters            Asymptotic Standard Error
=======================            ==========================
a               = 0.0103047        +/- 1.411e-05    (0.137%)


*******************************************************************************
Sat Jul 28 14:39:13 2018


FIT:    data read from ocum u ($1*0.5):(($0+1)/A)
        format = x:z
        x range restricted to [5.00000 : 20.0000]
        #datapoints = 402
        residuals are weighted equally (unit weight)

function used for fitting: y(x)
	y(x) = a * x**p
fitted parameters initialized with current variable values

   3 2.2908888659e-08  -1.83e-08  2.04e-07    1.055391e-02

After 3 iterations the fit converged.
final sum of squares of residuals : 2.29089e-08
rel. change during last iteration : -1.82703e-13

degrees of freedom    (FIT_NDF)                        : 401
rms of residuals      (FIT_STDFIT) = sqrt(WSSR/ndf)    : 7.5584e-06
variance of residuals (reduced chisquare) = WSSR/ndf   : 5.71294e-11

Final set of parameters            Asymptotic Standard Error
=======================            ==========================
a               = 0.0105539        +/- 1.553e-05    (0.1472%)


*******************************************************************************
Sat Jul 28 14:39:13 2018


FIT:    data read from ocum u ($1*0.5):(($0+1)/A)
        format = x:z
        x range restricted to [5.00000 : 20.0000]
        #datapoints = 410
        residuals are weighted equally (unit weight)

function used for fitting: y(x)
	y(x) = a * x**p
fitted parameters initialized with current variable values

   3 3.0383727578e-08  -1.73e-08  2.00e-07    1.092809e-02

After 3 iterations the fit converged.
final sum of squares of residuals : 3.03837e-08
rel. change during last iteration : -1.72712e-13

degrees of freedom    (FIT_NDF)                        : 409
rms of residuals      (FIT_STDFIT) = sqrt(WSSR/ndf)    : 8.61904e-06
variance of residuals (reduced chisquare) = WSSR/ndf   : 7.42878e-11

Final set of parameters            Asymptotic Standard Error
=======================            ==========================
a               = 0.0109281        +/- 1.784e-05    (0.1632%)


*******************************************************************************
Sat Jul 28 14:39:14 2018


FIT:    data read from ocum u ($1*0.5):(($0+1)/A)
        format = x:z
        x range restricted to [5.00000 : 20.0000]
        #datapoints = 420
        residuals are weighted equally (unit weight)

function used for fitting: y(x)
	y(x) = a * x**p
fitted parameters initialized with current variable values

   3 3.3359792671e-08  -1.88e-08  1.98e-07    1.130011e-02

After 3 iterations the fit converged.
final sum of squares of residuals : 3.33598e-08
rel. change during last iteration : -1.88448e-13

degrees of freedom    (FIT_NDF)                        : 419
rms of residuals      (FIT_STDFIT) = sqrt(WSSR/ndf)    : 8.92287e-06
variance of residuals (reduced chisquare) = WSSR/ndf   : 7.96176e-11

Final set of parameters            Asymptotic Standard Error
=======================            ==========================
a               = 0.0113001        +/- 1.846e-05    (0.1634%)


*******************************************************************************
Sat Jul 28 14:39:14 2018


FIT:    data read from ocum u ($1*0.5):(($0+1)/A)
        format = x:z
        x range restricted to [5.00000 : 20.0000]
        #datapoints = 424
        residuals are weighted equally (unit weight)

function used for fitting: y(x)
	y(x) = a * x**p
fitted parameters initialized with current variable values

   3 2.6387112667e-08  -2.57e-08  1.97e-07    1.147598e-02

After 3 iterations the fit converged.
final sum of squares of residuals : 2.63871e-08
rel. change during last iteration : -2.56802e-13

degrees of freedom    (FIT_NDF)                        : 423
rms of residuals      (FIT_STDFIT) = sqrt(WSSR/ndf)    : 7.89816e-06
variance of residuals (reduced chisquare) = WSSR/ndf   : 6.23809e-11

Final set of parameters            Asymptotic Standard Error
=======================            ==========================
a               = 0.011476         +/- 1.637e-05    (0.1427%)


*******************************************************************************
Sat Jul 28 14:39:15 2018


FIT:    data read from ocum u ($1*0.5):(($0+1)/A)
        format = x:z
        x range restricted to [5.00000 : 20.0000]
        #datapoints = 431
        residuals are weighted equally (unit weight)

function used for fitting: y(x)
	y(x) = a * x**p
fitted parameters initialized with current variable values

   3 3.1061292306e-08  -2.32e-08  1.97e-07    1.165620e-02

After 3 iterations the fit converged.
final sum of squares of residuals : 3.10613e-08
rel. change during last iteration : -2.32432e-13

degrees of freedom    (FIT_NDF)                        : 430
rms of residuals      (FIT_STDFIT) = sqrt(WSSR/ndf)    : 8.49915e-06
variance of residuals (reduced chisquare) = WSSR/ndf   : 7.22356e-11

Final set of parameters            Asymptotic Standard Error
=======================            ==========================
a               = 0.0116562        +/- 1.749e-05    (0.15%)


*******************************************************************************
Sat Jul 28 14:39:16 2018


FIT:    data read from ocum u ($1*0.5):(($0+1)/A)
        format = x:z
        x range restricted to [5.00000 : 20.0000]
        #datapoints = 446
        residuals are weighted equally (unit weight)

function used for fitting: y(x)
	y(x) = a * x**p
fitted parameters initialized with current variable values

   3 3.3333107036e-08  -2.45e-08  1.96e-07    1.205096e-02

After 3 iterations the fit converged.
final sum of squares of residuals : 3.33331e-08
rel. change during last iteration : -2.44781e-13

degrees of freedom    (FIT_NDF)                        : 445
rms of residuals      (FIT_STDFIT) = sqrt(WSSR/ndf)    : 8.65482e-06
variance of residuals (reduced chisquare) = WSSR/ndf   : 7.49059e-11

Final set of parameters            Asymptotic Standard Error
=======================            ==========================
a               = 0.012051         +/- 1.754e-05    (0.1456%)


*******************************************************************************
Sat Jul 28 14:39:16 2018


FIT:    data read from ocum u ($1*0.5):(($0+1)/A)
        format = x:z
        x range restricted to [5.00000 : 20.0000]
        #datapoints = 414
        residuals are weighted equally (unit weight)

function used for fitting: y(x)
	y(x) = a * x**p
fitted parameters initialized with current variable values

   3 2.0033094329e-08  -3.19e-08  1.95e-07    1.131081e-02

After 3 iterations the fit converged.
final sum of squares of residuals : 2.00331e-08
rel. change during last iteration : -3.18764e-13

degrees of freedom    (FIT_NDF)                        : 413
rms of residuals      (FIT_STDFIT) = sqrt(WSSR/ndf)    : 6.96465e-06
variance of residuals (reduced chisquare) = WSSR/ndf   : 4.85063e-11

Final set of parameters            Asymptotic Standard Error
=======================            ==========================
a               = 0.0113108        +/- 1.477e-05    (0.1305%)


*******************************************************************************
Sat Jul 28 14:39:17 2018


FIT:    data read from ocum u ($1*0.5):(($0+1)/A)
        format = x:z
        x range restricted to [5.00000 : 20.0000]
        #datapoints = 428
        residuals are weighted equally (unit weight)

function used for fitting: y(x)
	y(x) = a * x**p
fitted parameters initialized with current variable values

   3 3.1338529659e-08  -2.31e-08  1.95e-07    1.165511e-02

After 3 iterations the fit converged.
final sum of squares of residuals : 3.13385e-08
rel. change during last iteration : -2.30587e-13

degrees of freedom    (FIT_NDF)                        : 427
rms of residuals      (FIT_STDFIT) = sqrt(WSSR/ndf)    : 8.56693e-06
variance of residuals (reduced chisquare) = WSSR/ndf   : 7.33923e-11

Final set of parameters            Asymptotic Standard Error
=======================            ==========================
a               = 0.0116551        +/- 1.786e-05    (0.1532%)


*******************************************************************************
Sat Jul 28 14:39:17 2018


FIT:    data read from ocum u ($1*0.5):(($0+1)/A)
        format = x:z
        x range restricted to [5.00000 : 20.0000]
        #datapoints = 220
        residuals are weighted equally (unit weight)

function used for fitting: y(x)
	y(x) = a * x**p
fitted parameters initialized with current variable values

   3 1.5489888639e-08  -1.19e-07  1.88e-07    6.410000e-03

After 3 iterations the fit converged.
final sum of squares of residuals : 1.54899e-08
rel. change during last iteration : -1.18551e-12

degrees of freedom    (FIT_NDF)                        : 219
rms of residuals      (FIT_STDFIT) = sqrt(WSSR/ndf)    : 8.41012e-06
variance of residuals (reduced chisquare) = WSSR/ndf   : 7.07301e-11

Final set of parameters            Asymptotic Standard Error
=======================            ==========================
a               = 0.00641          +/- 2.54e-05     (0.3963%)


*******************************************************************************
Sat Jul 28 14:39:18 2018


FIT:    data read from ocum u ($1*0.5):(($0+1)/A)
        format = x:z
        x range restricted to [5.00000 : 20.0000]
        #datapoints = 243
        residuals are weighted equally (unit weight)

function used for fitting: y(x)
	y(x) = a * x**p
fitted parameters initialized with current variable values

   3 9.9560790013e-09  -9.97e-08  1.94e-07    6.762332e-03

After 3 iterations the fit converged.
final sum of squares of residuals : 9.95608e-09
rel. change during last iteration : -9.96663e-13

degrees of freedom    (FIT_NDF)                        : 242
rms of residuals      (FIT_STDFIT) = sqrt(WSSR/ndf)    : 6.41411e-06
variance of residuals (reduced chisquare) = WSSR/ndf   : 4.11408e-11

Final set of parameters            Asymptotic Standard Error
=======================            ==========================
a               = 0.00676233       +/- 1.778e-05    (0.263%)


*******************************************************************************
Sat Jul 28 14:39:19 2018


FIT:    data read from ocum u ($1*0.5):(($0+1)/A)
        format = x:z
        x range restricted to [5.00000 : 20.0000]
        #datapoints = 263
        residuals are weighted equally (unit weight)

function used for fitting: y(x)
	y(x) = a * x**p
fitted parameters initialized with current variable values

   3 1.0855417009e-08  -3.45e-08  1.93e-07    7.261641e-03

After 3 iterations the fit converged.
final sum of squares of residuals : 1.08554e-08
rel. change during last iteration : -3.44728e-13

degrees of freedom    (FIT_NDF)                        : 262
rms of residuals      (FIT_STDFIT) = sqrt(WSSR/ndf)    : 6.43684e-06
variance of residuals (reduced chisquare) = WSSR/ndf   : 4.14329e-11

Final set of parameters            Asymptotic Standard Error
=======================            ==========================
a               = 0.00726164       +/- 1.725e-05    (0.2375%)


*******************************************************************************
Sat Jul 28 14:39:19 2018


FIT:    data read from ocum u ($1*0.5):(($0+1)/A)
        format = x:z
        x range restricted to [5.00000 : 20.0000]
        #datapoints = 221
        residuals are weighted equally (unit weight)

function used for fitting: y(x)
	y(x) = a * x**p
fitted parameters initialized with current variable values

   3 4.2823690200e-09  -5.69e-07  1.94e-07    6.175123e-03

After 3 iterations the fit converged.
final sum of squares of residuals : 4.28237e-09
rel. change during last iteration : -5.687e-12

degrees of freedom    (FIT_NDF)                        : 220
rms of residuals      (FIT_STDFIT) = sqrt(WSSR/ndf)    : 4.41195e-06
variance of residuals (reduced chisquare) = WSSR/ndf   : 1.94653e-11

Final set of parameters            Asymptotic Standard Error
=======================            ==========================
a               = 0.00617512       +/- 1.282e-05    (0.2076%)


*******************************************************************************
Sat Jul 28 14:39:20 2018


FIT:    data read from ocum u ($1*0.5):(($0+1)/A)
        format = x:z
        x range restricted to [5.00000 : 20.0000]
        #datapoints = 203
        residuals are weighted equally (unit weight)

function used for fitting: y(x)
	y(x) = a * x**p
fitted parameters initialized with current variable values

   3 4.8471191923e-09  -1.02e-06  1.97e-07    5.642567e-03

After 3 iterations the fit converged.
final sum of squares of residuals : 4.84712e-09
rel. change during last iteration : -1.02462e-11

degrees of freedom    (FIT_NDF)                        : 202
rms of residuals      (FIT_STDFIT) = sqrt(WSSR/ndf)    : 4.89853e-06
variance of residuals (reduced chisquare) = WSSR/ndf   : 2.39956e-11

Final set of parameters            Asymptotic Standard Error
=======================            ==========================
a               = 0.00564257       +/- 1.464e-05    (0.2594%)


*******************************************************************************
Sat Jul 28 14:39:20 2018


FIT:    data read from ocum u ($1*0.5):(($0+1)/A)
        format = x:z
        x range restricted to [5.00000 : 20.0000]
        #datapoints = 226
        residuals are weighted equally (unit weight)

function used for fitting: y(x)
	y(x) = a * x**p
fitted parameters initialized with current variable values

   3 4.4598973998e-09  -5.97e-07  2.02e-07    6.079097e-03

After 3 iterations the fit converged.
final sum of squares of residuals : 4.4599e-09
rel. change during last iteration : -5.96771e-12

degrees of freedom    (FIT_NDF)                        : 225
rms of residuals      (FIT_STDFIT) = sqrt(WSSR/ndf)    : 4.45216e-06
variance of residuals (reduced chisquare) = WSSR/ndf   : 1.98218e-11

Final set of parameters            Asymptotic Standard Error
=======================            ==========================
a               = 0.0060791        +/- 1.235e-05    (0.2031%)


*******************************************************************************
Sat Jul 28 14:39:21 2018


FIT:    data read from ocum u ($1*0.5):(($0+1)/A)
        format = x:z
        x range restricted to [5.00000 : 20.0000]
        #datapoints = 239
        residuals are weighted equally (unit weight)

function used for fitting: y(x)
	y(x) = a * x**p
fitted parameters initialized with current variable values

   3 5.0913671193e-09  -3.50e-07  2.02e-07    6.340736e-03

After 3 iterations the fit converged.
final sum of squares of residuals : 5.09137e-09
rel. change during last iteration : -3.49613e-12

degrees of freedom    (FIT_NDF)                        : 238
rms of residuals      (FIT_STDFIT) = sqrt(WSSR/ndf)    : 4.62518e-06
variance of residuals (reduced chisquare) = WSSR/ndf   : 2.13923e-11

Final set of parameters            Asymptotic Standard Error
=======================            ==========================
a               = 0.00634074       +/- 1.245e-05    (0.1963%)


*******************************************************************************
Sat Jul 28 14:39:21 2018


FIT:    data read from ocum u ($1*0.5):(($0+1)/A)
        format = x:z
        x range restricted to [5.00000 : 20.0000]
        #datapoints = 256
        residuals are weighted equally (unit weight)

function used for fitting: y(x)
	y(x) = a * x**p
fitted parameters initialized with current variable values

   3 7.6751703989e-09  -1.46e-07  2.06e-07    6.623102e-03

After 3 iterations the fit converged.
final sum of squares of residuals : 7.67517e-09
rel. change during last iteration : -1.45861e-12

degrees of freedom    (FIT_NDF)                        : 255
rms of residuals      (FIT_STDFIT) = sqrt(WSSR/ndf)    : 5.48623e-06
variance of residuals (reduced chisquare) = WSSR/ndf   : 3.00987e-11

Final set of parameters            Asymptotic Standard Error
=======================            ==========================
a               = 0.0066231        +/- 1.4e-05      (0.2114%)


*******************************************************************************
Sat Jul 28 14:39:22 2018


FIT:    data read from ocum u ($1*0.5):(($0+1)/A)
        format = x:z
        x range restricted to [5.00000 : 20.0000]
        #datapoints = 259
        residuals are weighted equally (unit weight)

function used for fitting: y(x)
	y(x) = a * x**p
fitted parameters initialized with current variable values

   3 1.0385168525e-08  -9.29e-08  2.06e-07    6.723095e-03

After 3 iterations the fit converged.
final sum of squares of residuals : 1.03852e-08
rel. change during last iteration : -9.28721e-13

degrees of freedom    (FIT_NDF)                        : 258
rms of residuals      (FIT_STDFIT) = sqrt(WSSR/ndf)    : 6.34449e-06
variance of residuals (reduced chisquare) = WSSR/ndf   : 4.02526e-11

Final set of parameters            Asymptotic Standard Error
=======================            ==========================
a               = 0.00672309       +/- 1.608e-05    (0.2392%)


*******************************************************************************
Sat Jul 28 14:39:23 2018


FIT:    data read from ocum u ($1*0.5):(($0+1)/A)
        format = x:z
        x range restricted to [5.00000 : 20.0000]
        #datapoints = 280
        residuals are weighted equally (unit weight)

function used for fitting: y(x)
	y(x) = a * x**p
fitted parameters initialized with current variable values

   3 2.0403445399e-08  -2.17e-08  2.08e-07    7.136262e-03

After 3 iterations the fit converged.
final sum of squares of residuals : 2.04034e-08
rel. change during last iteration : -2.16977e-13

degrees of freedom    (FIT_NDF)                        : 279
rms of residuals      (FIT_STDFIT) = sqrt(WSSR/ndf)    : 8.55164e-06
variance of residuals (reduced chisquare) = WSSR/ndf   : 7.31306e-11

Final set of parameters            Asymptotic Standard Error
=======================            ==========================
a               = 0.00713626       +/- 2.063e-05    (0.289%)


*******************************************************************************
Sat Jul 28 14:39:23 2018


FIT:    data read from ocum u ($1*0.5):(($0+1)/A)
        format = x:z
        x range restricted to [5.00000 : 20.0000]
        #datapoints = 248
        residuals are weighted equally (unit weight)

function used for fitting: y(x)
	y(x) = a * x**p
fitted parameters initialized with current variable values

   3 3.1038478469e-09  -4.48e-07  2.06e-07    6.510658e-03

After 3 iterations the fit converged.
final sum of squares of residuals : 3.10385e-09
rel. change during last iteration : -4.48442e-12

degrees of freedom    (FIT_NDF)                        : 247
rms of residuals      (FIT_STDFIT) = sqrt(WSSR/ndf)    : 3.54488e-06
variance of residuals (reduced chisquare) = WSSR/ndf   : 1.25662e-11

Final set of parameters            Asymptotic Standard Error
=======================            ==========================
a               = 0.00651066       +/- 9.192e-06    (0.1412%)


*******************************************************************************
Sat Jul 28 14:39:24 2018


FIT:    data read from ocum u ($1*0.5):(($0+1)/A)
        format = x:z
        x range restricted to [5.00000 : 20.0000]
        #datapoints = 256
        residuals are weighted equally (unit weight)

function used for fitting: y(x)
	y(x) = a * x**p
fitted parameters initialized with current variable values

   3 3.0736844160e-09  -3.52e-07  2.07e-07    6.663281e-03

After 3 iterations the fit converged.
final sum of squares of residuals : 3.07368e-09
rel. change during last iteration : -3.51736e-12

degrees of freedom    (FIT_NDF)                        : 255
rms of residuals      (FIT_STDFIT) = sqrt(WSSR/ndf)    : 3.47184e-06
variance of residuals (reduced chisquare) = WSSR/ndf   : 1.20537e-11

Final set of parameters            Asymptotic Standard Error
=======================            ==========================
a               = 0.00666328       +/- 8.814e-06    (0.1323%)


*******************************************************************************
Sat Jul 28 14:39:24 2018


FIT:    data read from ocum u ($1*0.5):(($0+1)/A)
        format = x:z
        x range restricted to [5.00000 : 20.0000]
        #datapoints = 282
        residuals are weighted equally (unit weight)

function used for fitting: y(x)
	y(x) = a * x**p
fitted parameters initialized with current variable values

   3 8.9026622682e-09  -4.44e-08  2.09e-07    7.197519e-03

After 3 iterations the fit converged.
final sum of squares of residuals : 8.90266e-09
rel. change during last iteration : -4.43942e-13

degrees of freedom    (FIT_NDF)                        : 281
rms of residuals      (FIT_STDFIT) = sqrt(WSSR/ndf)    : 5.62868e-06
variance of residuals (reduced chisquare) = WSSR/ndf   : 3.16821e-11

Final set of parameters            Asymptotic Standard Error
=======================            ==========================
a               = 0.00719752       +/- 1.348e-05    (0.1873%)


*******************************************************************************
Sat Jul 28 14:39:25 2018


FIT:    data read from ocum u ($1*0.5):(($0+1)/A)
        format = x:z
        x range restricted to [5.00000 : 20.0000]
        #datapoints = 295
        residuals are weighted equally (unit weight)

function used for fitting: y(x)
	y(x) = a * x**p
fitted parameters initialized with current variable values

   3 1.0522962493e-08  -1.69e-08  2.08e-07    7.534624e-03

After 3 iterations the fit converged.
final sum of squares of residuals : 1.0523e-08
rel. change during last iteration : -1.69163e-13

degrees of freedom    (FIT_NDF)                        : 294
rms of residuals      (FIT_STDFIT) = sqrt(WSSR/ndf)    : 5.98267e-06
variance of residuals (reduced chisquare) = WSSR/ndf   : 3.57924e-11

Final set of parameters            Asymptotic Standard Error
=======================            ==========================
a               = 0.00753462       +/- 1.407e-05    (0.1868%)


*******************************************************************************
Sat Jul 28 14:39:26 2018


FIT:    data read from ocum u ($1*0.5):(($0+1)/A)
        format = x:z
        x range restricted to [5.00000 : 20.0000]
        #datapoints = 314
        residuals are weighted equally (unit weight)

function used for fitting: y(x)
	y(x) = a * x**p
fitted parameters initialized with current variable values

   3 2.6308268675e-08  -2.67e-09  2.11e-07    7.812437e-03

After 3 iterations the fit converged.
final sum of squares of residuals : 2.63083e-08
rel. change during last iteration : -2.66627e-14

degrees of freedom    (FIT_NDF)                        : 313
rms of residuals      (FIT_STDFIT) = sqrt(WSSR/ndf)    : 9.16799e-06
variance of residuals (reduced chisquare) = WSSR/ndf   : 8.4052e-11

Final set of parameters            Asymptotic Standard Error
=======================            ==========================
a               = 0.00781244       +/- 2.058e-05    (0.2634%)


*******************************************************************************
Sat Jul 28 14:39:26 2018


FIT:    data read from ocum u ($1*0.5):(($0+1)/A)
        format = x:z
        x range restricted to [5.00000 : 20.0000]
        #datapoints = 331
        residuals are weighted equally (unit weight)

function used for fitting: y(x)
	y(x) = a * x**p
fitted parameters initialized with current variable values

   2 2.4970180319e-08  -8.39e-02  2.09e-06    8.293809e-03

After 2 iterations the fit converged.
final sum of squares of residuals : 2.49702e-08
rel. change during last iteration : -8.38752e-07

degrees of freedom    (FIT_NDF)                        : 330
rms of residuals      (FIT_STDFIT) = sqrt(WSSR/ndf)    : 8.69869e-06
variance of residuals (reduced chisquare) = WSSR/ndf   : 7.56672e-11

Final set of parameters            Asymptotic Standard Error
=======================            ==========================
a               = 0.00829381       +/- 1.923e-05    (0.2318%)


*******************************************************************************
Sat Jul 28 14:39:27 2018


FIT:    data read from ocum u ($1*0.5):(($0+1)/A)
        format = x:z
        x range restricted to [5.00000 : 20.0000]
        #datapoints = 312
        residuals are weighted equally (unit weight)

function used for fitting: y(x)
	y(x) = a * x**p
fitted parameters initialized with current variable values

   3 2.6393213096e-08  -2.57e-09  2.11e-07    7.824421e-03

After 3 iterations the fit converged.
final sum of squares of residuals : 2.63932e-08
rel. change during last iteration : -2.56993e-14

degrees of freedom    (FIT_NDF)                        : 311
rms of residuals      (FIT_STDFIT) = sqrt(WSSR/ndf)    : 9.21225e-06
variance of residuals (reduced chisquare) = WSSR/ndf   : 8.48656e-11

Final set of parameters            Asymptotic Standard Error
=======================            ==========================
a               = 0.00782442       +/- 2.08e-05     (0.2659%)


*******************************************************************************
Sat Jul 28 14:39:27 2018


FIT:    data read from ocum u ($1*0.5):(($0+1)/A)
        format = x:z
        x range restricted to [5.00000 : 20.0000]
        #datapoints = 322
        residuals are weighted equally (unit weight)

function used for fitting: y(x)
	y(x) = a * x**p
fitted parameters initialized with current variable values

   2 2.8722100619e-08  -4.16e-01  2.08e-06    8.148833e-03

After 2 iterations the fit converged.
final sum of squares of residuals : 2.87221e-08
rel. change during last iteration : -4.1622e-06

degrees of freedom    (FIT_NDF)                        : 321
rms of residuals      (FIT_STDFIT) = sqrt(WSSR/ndf)    : 9.45923e-06
variance of residuals (reduced chisquare) = WSSR/ndf   : 8.94769e-11

Final set of parameters            Asymptotic Standard Error
=======================            ==========================
a               = 0.00814883       +/- 2.127e-05    (0.2611%)


*******************************************************************************
Sat Jul 28 14:39:28 2018


FIT:    data read from ocum u ($1*0.5):(($0+1)/A)
        format = x:z
        x range restricted to [5.00000 : 20.0000]
        #datapoints = 329
        residuals are weighted equally (unit weight)

function used for fitting: y(x)
	y(x) = a * x**p
fitted parameters initialized with current variable values

   2 2.5087275670e-08  -4.87e-02  2.09e-06    8.319138e-03

After 2 iterations the fit converged.
final sum of squares of residuals : 2.50873e-08
rel. change during last iteration : -4.86956e-07

degrees of freedom    (FIT_NDF)                        : 328
rms of residuals      (FIT_STDFIT) = sqrt(WSSR/ndf)    : 8.7456e-06
variance of residuals (reduced chisquare) = WSSR/ndf   : 7.64856e-11

Final set of parameters            Asymptotic Standard Error
=======================            ==========================
a               = 0.00831914       +/- 1.939e-05    (0.2331%)


*******************************************************************************
Sat Jul 28 14:39:29 2018


FIT:    data read from ocum u ($1*0.5):(($0+1)/A)
        format = x:z
        x range restricted to [5.00000 : 20.0000]
        #datapoints = 327
        residuals are weighted equally (unit weight)

function used for fitting: y(x)
	y(x) = a * x**p
fitted parameters initialized with current variable values

   2 1.8807040752e-08  -1.36e-02  2.08e-06    8.362858e-03

After 2 iterations the fit converged.
final sum of squares of residuals : 1.8807e-08
rel. change during last iteration : -1.3615e-07

degrees of freedom    (FIT_NDF)                        : 326
rms of residuals      (FIT_STDFIT) = sqrt(WSSR/ndf)    : 7.59541e-06
variance of residuals (reduced chisquare) = WSSR/ndf   : 5.76903e-11

Final set of parameters            Asymptotic Standard Error
=======================            ==========================
a               = 0.00836286       +/- 1.7e-05      (0.2032%)


*******************************************************************************
Sat Jul 28 14:39:29 2018


FIT:    data read from ocum u ($1*0.5):(($0+1)/A)
        format = x:z
        x range restricted to [5.00000 : 20.0000]
        #datapoints = 336
        residuals are weighted equally (unit weight)

function used for fitting: y(x)
	y(x) = a * x**p
fitted parameters initialized with current variable values

   2 2.7210796402e-08  -1.53e-01  2.08e-06    8.551538e-03

After 2 iterations the fit converged.
final sum of squares of residuals : 2.72108e-08
rel. change during last iteration : -1.5316e-06

degrees of freedom    (FIT_NDF)                        : 335
rms of residuals      (FIT_STDFIT) = sqrt(WSSR/ndf)    : 9.01256e-06
variance of residuals (reduced chisquare) = WSSR/ndf   : 8.12263e-11

Final set of parameters            Asymptotic Standard Error
=======================            ==========================
a               = 0.00855154       +/- 1.985e-05    (0.2321%)


*******************************************************************************
Sat Jul 28 14:39:30 2018


FIT:    data read from ocum u ($1*0.5):(($0+1)/A)
        format = x:z
        x range restricted to [5.00000 : 20.0000]
        #datapoints = 337
        residuals are weighted equally (unit weight)

function used for fitting: y(x)
	y(x) = a * x**p
fitted parameters initialized with current variable values

   2 2.0336422697e-08  -4.91e-01  2.07e-06    8.635542e-03

After 2 iterations the fit converged.
final sum of squares of residuals : 2.03364e-08
rel. change during last iteration : -4.9105e-06

degrees of freedom    (FIT_NDF)                        : 336
rms of residuals      (FIT_STDFIT) = sqrt(WSSR/ndf)    : 7.77979e-06
variance of residuals (reduced chisquare) = WSSR/ndf   : 6.05251e-11

Final set of parameters            Asymptotic Standard Error
=======================            ==========================
a               = 0.00863554       +/- 1.716e-05    (0.1987%)


*******************************************************************************
Sat Jul 28 14:39:30 2018


FIT:    data read from ocum u ($1*0.5):(($0+1)/A)
        format = x:z
        x range restricted to [5.00000 : 20.0000]
        #datapoints = 356
        residuals are weighted equally (unit weight)

function used for fitting: y(x)
	y(x) = a * x**p
fitted parameters initialized with current variable values

   3 2.1349424087e-08  -3.94e-09  2.05e-07    9.198020e-03

After 3 iterations the fit converged.
final sum of squares of residuals : 2.13494e-08
rel. change during last iteration : -3.93648e-14

degrees of freedom    (FIT_NDF)                        : 355
rms of residuals      (FIT_STDFIT) = sqrt(WSSR/ndf)    : 7.75495e-06
variance of residuals (reduced chisquare) = WSSR/ndf   : 6.01392e-11

Final set of parameters            Asymptotic Standard Error
=======================            ==========================
a               = 0.00919802       +/- 1.686e-05    (0.1833%)


*******************************************************************************
Sat Jul 28 14:39:31 2018


FIT:    data read from ocum u ($1*0.5):(($0+1)/A)
        format = x:z
        x range restricted to [5.00000 : 20.0000]
        #datapoints = 365
        residuals are weighted equally (unit weight)

function used for fitting: y(x)
	y(x) = a * x**p
fitted parameters initialized with current variable values

   3 2.1830217828e-08  -5.65e-09  2.05e-07    9.404000e-03

After 3 iterations the fit converged.
final sum of squares of residuals : 2.18302e-08
rel. change during last iteration : -5.65342e-14

degrees of freedom    (FIT_NDF)                        : 364
rms of residuals      (FIT_STDFIT) = sqrt(WSSR/ndf)    : 7.74423e-06
variance of residuals (reduced chisquare) = WSSR/ndf   : 5.99731e-11

Final set of parameters            Asymptotic Standard Error
=======================            ==========================
a               = 0.009404         +/- 1.661e-05    (0.1766%)


*******************************************************************************
Sat Jul 28 14:39:32 2018


FIT:    data read from ocum u ($1*0.5):(($0+1)/A)
        format = x:z
        x range restricted to [5.00000 : 20.0000]
        #datapoints = 371
        residuals are weighted equally (unit weight)

function used for fitting: y(x)
	y(x) = a * x**p
fitted parameters initialized with current variable values

   3 1.0226399458e-08  -2.16e-08  1.99e-07    9.817339e-03

After 3 iterations the fit converged.
final sum of squares of residuals : 1.02264e-08
rel. change during last iteration : -2.15806e-13

degrees of freedom    (FIT_NDF)                        : 370
rms of residuals      (FIT_STDFIT) = sqrt(WSSR/ndf)    : 5.25727e-06
variance of residuals (reduced chisquare) = WSSR/ndf   : 2.76389e-11

Final set of parameters            Asymptotic Standard Error
=======================            ==========================
a               = 0.00981734       +/- 1.15e-05     (0.1171%)


*******************************************************************************
Sat Jul 28 14:39:32 2018


FIT:    data read from ocum u ($1*0.5):(($0+1)/A)
        format = x:z
        x range restricted to [5.00000 : 20.0000]
        #datapoints = 387
        residuals are weighted equally (unit weight)

function used for fitting: y(x)
	y(x) = a * x**p
fitted parameters initialized with current variable values

   3 1.1303518728e-08  -2.94e-08  1.98e-07    1.026499e-02

After 3 iterations the fit converged.
final sum of squares of residuals : 1.13035e-08
rel. change during last iteration : -2.9418e-13

degrees of freedom    (FIT_NDF)                        : 386
rms of residuals      (FIT_STDFIT) = sqrt(WSSR/ndf)    : 5.41144e-06
variance of residuals (reduced chisquare) = WSSR/ndf   : 2.92837e-11

Final set of parameters            Asymptotic Standard Error
=======================            ==========================
a               = 0.010265         +/- 1.166e-05    (0.1136%)


*******************************************************************************
Sat Jul 28 14:39:33 2018


FIT:    data read from ocum u ($1*0.5):(($0+1)/A)
        format = x:z
        x range restricted to [5.00000 : 20.0000]
        #datapoints = 303
        residuals are weighted equally (unit weight)

function used for fitting: y(x)
	y(x) = a * x**p
fitted parameters initialized with current variable values

   2 9.1536460149e-09  -7.82e-01  1.90e-06    8.606526e-03

After 2 iterations the fit converged.
final sum of squares of residuals : 9.15365e-09
rel. change during last iteration : -7.81615e-06

degrees of freedom    (FIT_NDF)                        : 302
rms of residuals      (FIT_STDFIT) = sqrt(WSSR/ndf)    : 5.50546e-06
variance of residuals (reduced chisquare) = WSSR/ndf   : 3.03101e-11

Final set of parameters            Asymptotic Standard Error
=======================            ==========================
a               = 0.00860653       +/- 1.398e-05    (0.1625%)


*******************************************************************************
Sat Jul 28 14:39:33 2018


FIT:    data read from ocum u ($1*0.5):(($0+1)/A)
        format = x:z
        x range restricted to [5.00000 : 20.0000]
        #datapoints = 325
        residuals are weighted equally (unit weight)

function used for fitting: y(x)
	y(x) = a * x**p
fitted parameters initialized with current variable values

   3 9.5156938722e-09  -7.77e-09  1.91e-07    9.098829e-03

After 3 iterations the fit converged.
final sum of squares of residuals : 9.51569e-09
rel. change during last iteration : -7.77137e-14

degrees of freedom    (FIT_NDF)                        : 324
rms of residuals      (FIT_STDFIT) = sqrt(WSSR/ndf)    : 5.41936e-06
variance of residuals (reduced chisquare) = WSSR/ndf   : 2.93694e-11

Final set of parameters            Asymptotic Standard Error
=======================            ==========================
a               = 0.00909883       +/- 1.319e-05    (0.145%)


*******************************************************************************
Sat Jul 28 14:39:34 2018


FIT:    data read from ocum u ($1*0.5):(($0+1)/A)
        format = x:z
        x range restricted to [5.00000 : 20.0000]
        #datapoints = 337
        residuals are weighted equally (unit weight)

function used for fitting: y(x)
	y(x) = a * x**p
fitted parameters initialized with current variable values

   3 1.0894667558e-08  -1.12e-08  1.93e-07    9.343369e-03

After 3 iterations the fit converged.
final sum of squares of residuals : 1.08947e-08
rel. change during last iteration : -1.1161e-13

degrees of freedom    (FIT_NDF)                        : 336
rms of residuals      (FIT_STDFIT) = sqrt(WSSR/ndf)    : 5.69426e-06
variance of residuals (reduced chisquare) = WSSR/ndf   : 3.24246e-11

Final set of parameters            Asymptotic Standard Error
=======================            ==========================
a               = 0.00934337       +/- 1.353e-05    (0.1448%)


*******************************************************************************
Sat Jul 28 14:39:35 2018


FIT:    data read from ocum u ($1*0.5):(($0+1)/A)
        format = x:z
        x range restricted to [5.00000 : 20.0000]
        #datapoints = 356
        residuals are weighted equally (unit weight)

function used for fitting: y(x)
	y(x) = a * x**p
fitted parameters initialized with current variable values

   3 1.1333956813e-08  -2.18e-08  1.93e-07    9.859696e-03

After 3 iterations the fit converged.
final sum of squares of residuals : 1.1334e-08
rel. change during last iteration : -2.18218e-13

degrees of freedom    (FIT_NDF)                        : 355
rms of residuals      (FIT_STDFIT) = sqrt(WSSR/ndf)    : 5.65037e-06
variance of residuals (reduced chisquare) = WSSR/ndf   : 3.19266e-11

Final set of parameters            Asymptotic Standard Error
=======================            ==========================
a               = 0.0098597        +/- 1.306e-05    (0.1324%)


*******************************************************************************
Sat Jul 28 14:39:35 2018


FIT:    data read from ocum u ($1*0.5):(($0+1)/A)
        format = x:z
        x range restricted to [5.00000 : 20.0000]
        #datapoints = 334
        residuals are weighted equally (unit weight)

function used for fitting: y(x)
	y(x) = a * x**p
fitted parameters initialized with current variable values

   3 7.3533896993e-09  -1.75e-08  1.92e-07    9.360420e-03

After 3 iterations the fit converged.
final sum of squares of residuals : 7.35339e-09
rel. change during last iteration : -1.75146e-13

degrees of freedom    (FIT_NDF)                        : 333
rms of residuals      (FIT_STDFIT) = sqrt(WSSR/ndf)    : 4.69918e-06
variance of residuals (reduced chisquare) = WSSR/ndf   : 2.20823e-11

Final set of parameters            Asymptotic Standard Error
=======================            ==========================
a               = 0.00936042       +/- 1.123e-05    (0.12%)


*******************************************************************************
Sat Jul 28 14:39:36 2018


FIT:    data read from ocum u ($1*0.5):(($0+1)/A)
        format = x:z
        x range restricted to [5.00000 : 20.0000]
        #datapoints = 336
        residuals are weighted equally (unit weight)

function used for fitting: y(x)
	y(x) = a * x**p
fitted parameters initialized with current variable values

   3 9.3781670699e-09  -1.54e-08  1.91e-07    9.431373e-03

After 3 iterations the fit converged.
final sum of squares of residuals : 9.37817e-09
rel. change during last iteration : -1.54002e-13

degrees of freedom    (FIT_NDF)                        : 335
rms of residuals      (FIT_STDFIT) = sqrt(WSSR/ndf)    : 5.29099e-06
variance of residuals (reduced chisquare) = WSSR/ndf   : 2.79945e-11

Final set of parameters            Asymptotic Standard Error
=======================            ==========================
a               = 0.00943137       +/- 1.269e-05    (0.1345%)


*******************************************************************************
Sat Jul 28 14:39:36 2018


FIT:    data read from ocum u ($1*0.5):(($0+1)/A)
        format = x:z
        x range restricted to [5.00000 : 20.0000]
        #datapoints = 351
        residuals are weighted equally (unit weight)

function used for fitting: y(x)
	y(x) = a * x**p
fitted parameters initialized with current variable values

   3 7.4027860418e-09  -2.74e-08  1.94e-07    9.687165e-03

After 3 iterations the fit converged.
final sum of squares of residuals : 7.40279e-09
rel. change during last iteration : -2.73761e-13

degrees of freedom    (FIT_NDF)                        : 350
rms of residuals      (FIT_STDFIT) = sqrt(WSSR/ndf)    : 4.599e-06
variance of residuals (reduced chisquare) = WSSR/ndf   : 2.11508e-11

Final set of parameters            Asymptotic Standard Error
=======================            ==========================
a               = 0.00968716       +/- 1.065e-05    (0.1099%)


*******************************************************************************
Sat Jul 28 14:39:37 2018


FIT:    data read from ocum u ($1*0.5):(($0+1)/A)
        format = x:z
        x range restricted to [5.00000 : 20.0000]
        #datapoints = 361
        residuals are weighted equally (unit weight)

function used for fitting: y(x)
	y(x) = a * x**p
fitted parameters initialized with current variable values

   3 7.9067633378e-09  -3.06e-08  1.95e-07    9.855724e-03

After 3 iterations the fit converged.
final sum of squares of residuals : 7.90676e-09
rel. change during last iteration : -3.059e-13

degrees of freedom    (FIT_NDF)                        : 360
rms of residuals      (FIT_STDFIT) = sqrt(WSSR/ndf)    : 4.68649e-06
variance of residuals (reduced chisquare) = WSSR/ndf   : 2.19632e-11

Final set of parameters            Asymptotic Standard Error
=======================            ==========================
a               = 0.00985572       +/- 1.061e-05    (0.1077%)


*******************************************************************************
Sat Jul 28 14:39:38 2018


FIT:    data read from ocum u ($1*0.5):(($0+1)/A)
        format = x:z
        x range restricted to [5.00000 : 20.0000]
        #datapoints = 163
        residuals are weighted equally (unit weight)

function used for fitting: y(x)
	y(x) = a * x**p
fitted parameters initialized with current variable values

   3 2.6672994634e-09  -5.80e-06  1.88e-07    4.726485e-03

After 3 iterations the fit converged.
final sum of squares of residuals : 2.6673e-09
rel. change during last iteration : -5.7967e-11

degrees of freedom    (FIT_NDF)                        : 162
rms of residuals      (FIT_STDFIT) = sqrt(WSSR/ndf)    : 4.05769e-06
variance of residuals (reduced chisquare) = WSSR/ndf   : 1.64648e-11

Final set of parameters            Asymptotic Standard Error
=======================            ==========================
a               = 0.00472648       +/- 1.418e-05    (0.3%)


*******************************************************************************
Sat Jul 28 14:39:38 2018


FIT:    data read from ocum u ($1*0.5):(($0+1)/A)
        format = x:z
        x range restricted to [5.00000 : 20.0000]
        #datapoints = 194
        residuals are weighted equally (unit weight)

function used for fitting: y(x)
	y(x) = a * x**p
fitted parameters initialized with current variable values

   3 1.8438406714e-09  -3.85e-06  1.96e-07    5.301459e-03

After 3 iterations the fit converged.
final sum of squares of residuals : 1.84384e-09
rel. change during last iteration : -3.85151e-11

degrees of freedom    (FIT_NDF)                        : 193
rms of residuals      (FIT_STDFIT) = sqrt(WSSR/ndf)    : 3.09089e-06
variance of residuals (reduced chisquare) = WSSR/ndf   : 9.55358e-12

Final set of parameters            Asymptotic Standard Error
=======================            ==========================
a               = 0.00530146       +/- 9.5e-06      (0.1792%)


*******************************************************************************
Sat Jul 28 14:39:39 2018


FIT:    data read from ocum u ($1*0.5):(($0+1)/A)
        format = x:z
        x range restricted to [5.00000 : 20.0000]
        #datapoints = 132
        residuals are weighted equally (unit weight)

function used for fitting: y(x)
	y(x) = a * x**p
fitted parameters initialized with current variable values

   3 8.8210469183e-09  -4.61e-06  1.86e-07    4.002191e-03

After 3 iterations the fit converged.
final sum of squares of residuals : 8.82105e-09
rel. change during last iteration : -4.61034e-11

degrees of freedom    (FIT_NDF)                        : 131
rms of residuals      (FIT_STDFIT) = sqrt(WSSR/ndf)    : 8.20587e-06
variance of residuals (reduced chisquare) = WSSR/ndf   : 6.73362e-11

Final set of parameters            Asymptotic Standard Error
=======================            ==========================
a               = 0.00400219       +/- 3.223e-05    (0.8053%)


*******************************************************************************
Sat Jul 28 14:39:39 2018


FIT:    data read from ocum u ($1*0.5):(($0+1)/A)
        format = x:z
        x range restricted to [5.00000 : 20.0000]
        #datapoints = 167
        residuals are weighted equally (unit weight)

function used for fitting: y(x)
	y(x) = a * x**p
fitted parameters initialized with current variable values

   3 3.4262599910e-09  -4.35e-06  1.94e-07    4.766570e-03

After 3 iterations the fit converged.
final sum of squares of residuals : 3.42626e-09
rel. change during last iteration : -4.35474e-11

degrees of freedom    (FIT_NDF)                        : 166
rms of residuals      (FIT_STDFIT) = sqrt(WSSR/ndf)    : 4.54314e-06
variance of residuals (reduced chisquare) = WSSR/ndf   : 2.06401e-11

Final set of parameters            Asymptotic Standard Error
=======================            ==========================
a               = 0.00476657       +/- 1.523e-05    (0.3195%)


*******************************************************************************
Sat Jul 28 14:39:40 2018


FIT:    data read from ocum u ($1*0.5):(($0+1)/A)
        format = x:z
        x range restricted to [5.00000 : 20.0000]
        #datapoints = 198
        residuals are weighted equally (unit weight)

function used for fitting: y(x)
	y(x) = a * x**p
fitted parameters initialized with current variable values

   3 2.6999040308e-09  -2.39e-06  1.99e-07    5.398801e-03

After 3 iterations the fit converged.
final sum of squares of residuals : 2.6999e-09
rel. change during last iteration : -2.38834e-11

degrees of freedom    (FIT_NDF)                        : 197
rms of residuals      (FIT_STDFIT) = sqrt(WSSR/ndf)    : 3.70204e-06
variance of residuals (reduced chisquare) = WSSR/ndf   : 1.37051e-11

Final set of parameters            Asymptotic Standard Error
=======================            ==========================
a               = 0.0053988        +/- 1.11e-05     (0.2057%)


*******************************************************************************
Sat Jul 28 14:39:41 2018


FIT:    data read from ocum u ($1*0.5):(($0+1)/A)
        format = x:z
        x range restricted to [5.00000 : 20.0000]
        #datapoints = 223
        residuals are weighted equally (unit weight)

function used for fitting: y(x)
	y(x) = a * x**p
fitted parameters initialized with current variable values

   3 5.3349628479e-09  -5.41e-07  1.99e-07    6.003214e-03

After 3 iterations the fit converged.
final sum of squares of residuals : 5.33496e-09
rel. change during last iteration : -5.4064e-12

degrees of freedom    (FIT_NDF)                        : 222
rms of residuals      (FIT_STDFIT) = sqrt(WSSR/ndf)    : 4.90218e-06
variance of residuals (reduced chisquare) = WSSR/ndf   : 2.40314e-11

Final set of parameters            Asymptotic Standard Error
=======================            ==========================
a               = 0.00600321       +/- 1.385e-05    (0.2307%)


*******************************************************************************
Sat Jul 28 14:39:41 2018


FIT:    data read from ocum u ($1*0.5):(($0+1)/A)
        format = x:z
        x range restricted to [5.00000 : 20.0000]
        #datapoints = 239
        residuals are weighted equally (unit weight)

function used for fitting: y(x)
	y(x) = a * x**p
fitted parameters initialized with current variable values

   3 7.7319139792e-09  -1.96e-07  1.97e-07    6.453975e-03

After 3 iterations the fit converged.
final sum of squares of residuals : 7.73191e-09
rel. change during last iteration : -1.96035e-12

degrees of freedom    (FIT_NDF)                        : 238
rms of residuals      (FIT_STDFIT) = sqrt(WSSR/ndf)    : 5.69974e-06
variance of residuals (reduced chisquare) = WSSR/ndf   : 3.2487e-11

Final set of parameters            Asymptotic Standard Error
=======================            ==========================
a               = 0.00645397       +/- 1.571e-05    (0.2434%)


*******************************************************************************
Sat Jul 28 14:39:42 2018


FIT:    data read from ocum u ($1*0.5):(($0+1)/A)
        format = x:z
        x range restricted to [5.00000 : 20.0000]
        #datapoints = 178
        residuals are weighted equally (unit weight)

function used for fitting: y(x)
	y(x) = a * x**p
fitted parameters initialized with current variable values

   3 3.0630643291e-09  -4.22e-06  2.02e-07    4.834542e-03

After 3 iterations the fit converged.
final sum of squares of residuals : 3.06306e-09
rel. change during last iteration : -4.2161e-11

degrees of freedom    (FIT_NDF)                        : 177
rms of residuals      (FIT_STDFIT) = sqrt(WSSR/ndf)    : 4.15998e-06
variance of residuals (reduced chisquare) = WSSR/ndf   : 1.73054e-11

Final set of parameters            Asymptotic Standard Error
=======================            ==========================
a               = 0.00483454       +/- 1.295e-05    (0.2679%)


*******************************************************************************
Sat Jul 28 14:39:42 2018


FIT:    data read from ocum u ($1*0.5):(($0+1)/A)
        format = x:z
        x range restricted to [5.00000 : 20.0000]
        #datapoints = 175
        residuals are weighted equally (unit weight)

function used for fitting: y(x)
	y(x) = a * x**p
fitted parameters initialized with current variable values

   3 1.9579990067e-09  -7.78e-06  2.07e-07    4.719073e-03

After 3 iterations the fit converged.
final sum of squares of residuals : 1.958e-09
rel. change during last iteration : -7.7754e-11

degrees of freedom    (FIT_NDF)                        : 174
rms of residuals      (FIT_STDFIT) = sqrt(WSSR/ndf)    : 3.35453e-06
variance of residuals (reduced chisquare) = WSSR/ndf   : 1.12529e-11

Final set of parameters            Asymptotic Standard Error
=======================            ==========================
a               = 0.00471907       +/- 1.027e-05    (0.2177%)


*******************************************************************************
Sat Jul 28 14:39:43 2018


FIT:    data read from ocum u ($1*0.5):(($0+1)/A)
        format = x:z
        x range restricted to [5.00000 : 20.0000]
        #datapoints = 205
        residuals are weighted equally (unit weight)

function used for fitting: y(x)
	y(x) = a * x**p
fitted parameters initialized with current variable values

   3 6.7921549530e-09  -1.03e-06  2.12e-07    5.307856e-03

After 3 iterations the fit converged.
final sum of squares of residuals : 6.79215e-09
rel. change during last iteration : -1.02623e-11

degrees of freedom    (FIT_NDF)                        : 204
rms of residuals      (FIT_STDFIT) = sqrt(WSSR/ndf)    : 5.77017e-06
variance of residuals (reduced chisquare) = WSSR/ndf   : 3.32949e-11

Final set of parameters            Asymptotic Standard Error
=======================            ==========================
a               = 0.00530786       +/- 1.6e-05      (0.3015%)


*******************************************************************************
Sat Jul 28 14:39:44 2018


FIT:    data read from ocum u ($1*0.5):(($0+1)/A)
        format = x:z
        x range restricted to [5.00000 : 20.0000]
        #datapoints = 209
        residuals are weighted equally (unit weight)

function used for fitting: y(x)
	y(x) = a * x**p
fitted parameters initialized with current variable values

   3 7.6421998017e-09  -7.71e-07  2.11e-07    5.460623e-03

After 3 iterations the fit converged.
final sum of squares of residuals : 7.6422e-09
rel. change during last iteration : -7.70529e-12

degrees of freedom    (FIT_NDF)                        : 208
rms of residuals      (FIT_STDFIT) = sqrt(WSSR/ndf)    : 6.06146e-06
variance of residuals (reduced chisquare) = WSSR/ndf   : 3.67413e-11

Final set of parameters            Asymptotic Standard Error
=======================            ==========================
a               = 0.00546062       +/- 1.673e-05    (0.3063%)


*******************************************************************************
Sat Jul 28 14:39:44 2018


FIT:    data read from ocum u ($1*0.5):(($0+1)/A)
        format = x:z
        x range restricted to [5.00000 : 20.0000]
        #datapoints = 209
        residuals are weighted equally (unit weight)

function used for fitting: y(x)
	y(x) = a * x**p
fitted parameters initialized with current variable values

   3 6.3272795888e-09  -8.47e-07  2.07e-07    5.549709e-03

After 3 iterations the fit converged.
final sum of squares of residuals : 6.32728e-09
rel. change during last iteration : -8.47486e-12

degrees of freedom    (FIT_NDF)                        : 208
rms of residuals      (FIT_STDFIT) = sqrt(WSSR/ndf)    : 5.5154e-06
variance of residuals (reduced chisquare) = WSSR/ndf   : 3.04196e-11

Final set of parameters            Asymptotic Standard Error
=======================            ==========================
a               = 0.00554971       +/- 1.547e-05    (0.2787%)


*******************************************************************************
Sat Jul 28 14:39:45 2018


FIT:    data read from ocum u ($1*0.5):(($0+1)/A)
        format = x:z
        x range restricted to [5.00000 : 20.0000]
        #datapoints = 237
        residuals are weighted equally (unit weight)

function used for fitting: y(x)
	y(x) = a * x**p
fitted parameters initialized with current variable values

   3 8.8965195076e-09  -2.50e-07  2.08e-07    6.188248e-03

After 3 iterations the fit converged.
final sum of squares of residuals : 8.89652e-09
rel. change during last iteration : -2.50371e-12

degrees of freedom    (FIT_NDF)                        : 236
rms of residuals      (FIT_STDFIT) = sqrt(WSSR/ndf)    : 6.1398e-06
variance of residuals (reduced chisquare) = WSSR/ndf   : 3.76971e-11

Final set of parameters            Asymptotic Standard Error
=======================            ==========================
a               = 0.00618825       +/- 1.613e-05    (0.2607%)


*******************************************************************************
Sat Jul 28 14:39:46 2018


FIT:    data read from ocum u ($1*0.5):(($0+1)/A)
        format = x:z
        x range restricted to [5.00000 : 20.0000]
        #datapoints = 227
        residuals are weighted equally (unit weight)

function used for fitting: y(x)
	y(x) = a * x**p
fitted parameters initialized with current variable values

   3 2.1471141514e-08  -1.78e-07  2.13e-07    5.754177e-03

After 3 iterations the fit converged.
final sum of squares of residuals : 2.14711e-08
rel. change during last iteration : -1.78233e-12

degrees of freedom    (FIT_NDF)                        : 226
rms of residuals      (FIT_STDFIT) = sqrt(WSSR/ndf)    : 9.74705e-06
variance of residuals (reduced chisquare) = WSSR/ndf   : 9.50051e-11

Final set of parameters            Asymptotic Standard Error
=======================            ==========================
a               = 0.00575418       +/- 2.547e-05    (0.4426%)


*******************************************************************************
Sat Jul 28 14:39:47 2018


FIT:    data read from ocum u ($1*0.5):(($0+1)/A)
        format = x:z
        x range restricted to [5.00000 : 20.0000]
        #datapoints = 246
        residuals are weighted equally (unit weight)

function used for fitting: y(x)
	y(x) = a * x**p
fitted parameters initialized with current variable values

   3 2.2604535763e-08  -9.65e-08  2.14e-07    6.157341e-03

After 3 iterations the fit converged.
final sum of squares of residuals : 2.26045e-08
rel. change during last iteration : -9.65485e-13

degrees of freedom    (FIT_NDF)                        : 245
rms of residuals      (FIT_STDFIT) = sqrt(WSSR/ndf)    : 9.60538e-06
variance of residuals (reduced chisquare) = WSSR/ndf   : 9.22634e-11

Final set of parameters            Asymptotic Standard Error
=======================            ==========================
a               = 0.00615734       +/- 2.4e-05      (0.3897%)


*******************************************************************************
Sat Jul 28 14:39:47 2018


FIT:    data read from ocum u ($1*0.5):(($0+1)/A)
        format = x:z
        x range restricted to [5.00000 : 20.0000]
        #datapoints = 244
        residuals are weighted equally (unit weight)

function used for fitting: y(x)
	y(x) = a * x**p
fitted parameters initialized with current variable values

   3 2.1049039742e-08  -1.07e-07  2.14e-07    6.150452e-03

After 3 iterations the fit converged.
final sum of squares of residuals : 2.1049e-08
rel. change during last iteration : -1.06811e-12

degrees of freedom    (FIT_NDF)                        : 243
rms of residuals      (FIT_STDFIT) = sqrt(WSSR/ndf)    : 9.30707e-06
variance of residuals (reduced chisquare) = WSSR/ndf   : 8.66216e-11

Final set of parameters            Asymptotic Standard Error
=======================            ==========================
a               = 0.00615045       +/- 2.336e-05    (0.3798%)


*******************************************************************************
Sat Jul 28 14:39:48 2018


FIT:    data read from ocum u ($1*0.5):(($0+1)/A)
        format = x:z
        x range restricted to [5.00000 : 20.0000]
        #datapoints = 257
        residuals are weighted equally (unit weight)

function used for fitting: y(x)
	y(x) = a * x**p
fitted parameters initialized with current variable values

   3 2.7150192923e-08  -5.21e-08  2.14e-07    6.471997e-03

After 3 iterations the fit converged.
final sum of squares of residuals : 2.71502e-08
rel. change during last iteration : -5.2147e-13

degrees of freedom    (FIT_NDF)                        : 256
rms of residuals      (FIT_STDFIT) = sqrt(WSSR/ndf)    : 1.02983e-05
variance of residuals (reduced chisquare) = WSSR/ndf   : 1.06055e-10

Final set of parameters            Asymptotic Standard Error
=======================            ==========================
a               = 0.006472         +/- 2.516e-05    (0.3888%)


*******************************************************************************
Sat Jul 28 14:39:48 2018


FIT:    data read from ocum u ($1*0.5):(($0+1)/A)
        format = x:z
        x range restricted to [5.00000 : 20.0000]
        #datapoints = 263
        residuals are weighted equally (unit weight)

function used for fitting: y(x)
	y(x) = a * x**p
fitted parameters initialized with current variable values

   3 2.4392589981e-08  -4.24e-08  2.13e-07    6.684510e-03

After 3 iterations the fit converged.
final sum of squares of residuals : 2.43926e-08
rel. change during last iteration : -4.24025e-13

degrees of freedom    (FIT_NDF)                        : 262
rms of residuals      (FIT_STDFIT) = sqrt(WSSR/ndf)    : 9.64891e-06
variance of residuals (reduced chisquare) = WSSR/ndf   : 9.31015e-11

Final set of parameters            Asymptotic Standard Error
=======================            ==========================
a               = 0.00668451       +/- 2.345e-05    (0.3507%)


*******************************************************************************
Sat Jul 28 14:39:49 2018


FIT:    data read from ocum u ($1*0.5):(($0+1)/A)
        format = x:z
        x range restricted to [5.00000 : 20.0000]
        #datapoints = 277
        residuals are weighted equally (unit weight)

function used for fitting: y(x)
	y(x) = a * x**p
fitted parameters initialized with current variable values

   3 1.7409290699e-08  -2.77e-08  2.10e-07    7.114299e-03

After 3 iterations the fit converged.
final sum of squares of residuals : 1.74093e-08
rel. change during last iteration : -2.7691e-13

degrees of freedom    (FIT_NDF)                        : 276
rms of residuals      (FIT_STDFIT) = sqrt(WSSR/ndf)    : 7.94211e-06
variance of residuals (reduced chisquare) = WSSR/ndf   : 6.30771e-11

Final set of parameters            Asymptotic Standard Error
=======================            ==========================
a               = 0.0071143        +/- 1.909e-05    (0.2684%)


*******************************************************************************
Sat Jul 28 14:39:50 2018


FIT:    data read from ocum u ($1*0.5):(($0+1)/A)
        format = x:z
        x range restricted to [5.00000 : 20.0000]
        #datapoints = 296
        residuals are weighted equally (unit weight)

function used for fitting: y(x)
	y(x) = a * x**p
fitted parameters initialized with current variable values

   3 2.1171265079e-08  -7.16e-09  2.08e-07    7.596682e-03

After 3 iterations the fit converged.
final sum of squares of residuals : 2.11713e-08
rel. change during last iteration : -7.15779e-14

degrees of freedom    (FIT_NDF)                        : 295
rms of residuals      (FIT_STDFIT) = sqrt(WSSR/ndf)    : 8.47154e-06
variance of residuals (reduced chisquare) = WSSR/ndf   : 7.1767e-11

Final set of parameters            Asymptotic Standard Error
=======================            ==========================
a               = 0.00759668       +/- 1.991e-05    (0.2621%)


*******************************************************************************
Sat Jul 28 14:39:50 2018


FIT:    data read from ocum u ($1*0.5):(($0+1)/A)
        format = x:z
        x range restricted to [5.00000 : 20.0000]
        #datapoints = 201
        residuals are weighted equally (unit weight)

function used for fitting: y(x)
	y(x) = a * x**p
fitted parameters initialized with current variable values

   3 4.1354017038e-09  -1.08e-06  1.94e-07    5.778088e-03

After 3 iterations the fit converged.
final sum of squares of residuals : 4.1354e-09
rel. change during last iteration : -1.07723e-11

degrees of freedom    (FIT_NDF)                        : 200
rms of residuals      (FIT_STDFIT) = sqrt(WSSR/ndf)    : 4.5472e-06
variance of residuals (reduced chisquare) = WSSR/ndf   : 2.0677e-11

Final set of parameters            Asymptotic Standard Error
=======================            ==========================
a               = 0.00577809       +/- 1.391e-05    (0.2408%)


*******************************************************************************
Sat Jul 28 14:39:51 2018


FIT:    data read from ocum u ($1*0.5):(($0+1)/A)
        format = x:z
        x range restricted to [5.00000 : 20.0000]
        #datapoints = 139
        residuals are weighted equally (unit weight)

function used for fitting: y(x)
	y(x) = a * x**p
fitted parameters initialized with current variable values

   3 5.5028091692e-09  -5.72e-06  1.91e-07    4.326424e-03

After 3 iterations the fit converged.
final sum of squares of residuals : 5.50281e-09
rel. change during last iteration : -5.71773e-11

degrees of freedom    (FIT_NDF)                        : 138
rms of residuals      (FIT_STDFIT) = sqrt(WSSR/ndf)    : 6.3147e-06
variance of residuals (reduced chisquare) = WSSR/ndf   : 3.98754e-11

Final set of parameters            Asymptotic Standard Error
=======================            ==========================
a               = 0.00432642       +/- 2.356e-05    (0.5447%)


*******************************************************************************
Sat Jul 28 14:39:52 2018


FIT:    data read from ocum u ($1*0.5):(($0+1)/A)
        format = x:z
        x range restricted to [5.00000 : 20.0000]
        #datapoints = 162
        residuals are weighted equally (unit weight)

function used for fitting: y(x)
	y(x) = a * x**p
fitted parameters initialized with current variable values

   3 4.2001807356e-09  -3.98e-06  1.96e-07    4.773630e-03

After 3 iterations the fit converged.
final sum of squares of residuals : 4.20018e-09
rel. change during last iteration : -3.97802e-11

degrees of freedom    (FIT_NDF)                        : 161
rms of residuals      (FIT_STDFIT) = sqrt(WSSR/ndf)    : 5.10765e-06
variance of residuals (reduced chisquare) = WSSR/ndf   : 2.60881e-11

Final set of parameters            Asymptotic Standard Error
=======================            ==========================
a               = 0.00477363       +/- 1.716e-05    (0.3595%)


*******************************************************************************
Sat Jul 28 14:39:52 2018


FIT:    data read from ocum u ($1*0.5):(($0+1)/A)
        format = x:z
        x range restricted to [5.00000 : 20.0000]
        #datapoints = 187
        residuals are weighted equally (unit weight)

function used for fitting: y(x)
	y(x) = a * x**p
fitted parameters initialized with current variable values

   3 3.9865664773e-09  -2.11e-06  2.01e-07    5.277996e-03

After 3 iterations the fit converged.
final sum of squares of residuals : 3.98657e-09
rel. change during last iteration : -2.10967e-11

degrees of freedom    (FIT_NDF)                        : 186
rms of residuals      (FIT_STDFIT) = sqrt(WSSR/ndf)    : 4.6296e-06
variance of residuals (reduced chisquare) = WSSR/ndf   : 2.14332e-11

Final set of parameters            Asymptotic Standard Error
=======================            ==========================
a               = 0.005278         +/- 1.418e-05    (0.2686%)


*******************************************************************************
Sat Jul 28 14:39:53 2018


FIT:    data read from ocum u ($1*0.5):(($0+1)/A)
        format = x:z
        x range restricted to [5.00000 : 20.0000]
        #datapoints = 214
        residuals are weighted equally (unit weight)

function used for fitting: y(x)
	y(x) = a * x**p
fitted parameters initialized with current variable values

   3 4.9038482039e-09  -7.63e-07  2.03e-07    5.886281e-03

After 3 iterations the fit converged.
final sum of squares of residuals : 4.90385e-09
rel. change during last iteration : -7.63277e-12

degrees of freedom    (FIT_NDF)                        : 213
rms of residuals      (FIT_STDFIT) = sqrt(WSSR/ndf)    : 4.7982e-06
variance of residuals (reduced chisquare) = WSSR/ndf   : 2.30228e-11

Final set of parameters            Asymptotic Standard Error
=======================            ==========================
a               = 0.00588628       +/- 1.355e-05    (0.2302%)


*******************************************************************************
Sat Jul 28 14:39:53 2018


FIT:    data read from ocum u ($1*0.5):(($0+1)/A)
        format = x:z
        x range restricted to [5.00000 : 20.0000]
        #datapoints = 239
        residuals are weighted equally (unit weight)

function used for fitting: y(x)
	y(x) = a * x**p
fitted parameters initialized with current variable values

   3 7.8788196390e-09  -2.28e-07  2.08e-07    6.386175e-03

After 3 iterations the fit converged.
final sum of squares of residuals : 7.87882e-09
rel. change during last iteration : -2.28181e-12

degrees of freedom    (FIT_NDF)                        : 238
rms of residuals      (FIT_STDFIT) = sqrt(WSSR/ndf)    : 5.75363e-06
variance of residuals (reduced chisquare) = WSSR/ndf   : 3.31043e-11

Final set of parameters            Asymptotic Standard Error
=======================            ==========================
a               = 0.00638618       +/- 1.506e-05    (0.2359%)


*******************************************************************************
Sat Jul 28 14:39:54 2018


FIT:    data read from ocum u ($1*0.5):(($0+1)/A)
        format = x:z
        x range restricted to [5.00000 : 20.0000]
        #datapoints = 119
        residuals are weighted equally (unit weight)

function used for fitting: y(x)
	y(x) = a * x**p
fitted parameters initialized with current variable values

   3 9.5104885508e-09  -7.38e-06  1.97e-07    3.727735e-03

After 3 iterations the fit converged.
final sum of squares of residuals : 9.51049e-09
rel. change during last iteration : -7.38362e-11

degrees of freedom    (FIT_NDF)                        : 118
rms of residuals      (FIT_STDFIT) = sqrt(WSSR/ndf)    : 8.9776e-06
variance of residuals (reduced chisquare) = WSSR/ndf   : 8.05974e-11

Final set of parameters            Asymptotic Standard Error
=======================            ==========================
a               = 0.00372773       +/- 3.505e-05    (0.9402%)


*******************************************************************************
Sat Jul 28 14:39:54 2018


FIT:    data read from ocum u ($1*0.5):(($0+1)/A)
        format = x:z
        x range restricted to [5.00000 : 20.0000]
        #datapoints = 131
        residuals are weighted equally (unit weight)

function used for fitting: y(x)
	y(x) = a * x**p
fitted parameters initialized with current variable values

   3 1.1188526189e-08  -4.39e-06  2.02e-07    3.998975e-03

After 3 iterations the fit converged.
final sum of squares of residuals : 1.11885e-08
rel. change during last iteration : -4.39364e-11

degrees of freedom    (FIT_NDF)                        : 130
rms of residuals      (FIT_STDFIT) = sqrt(WSSR/ndf)    : 9.27715e-06
variance of residuals (reduced chisquare) = WSSR/ndf   : 8.60656e-11

Final set of parameters            Asymptotic Standard Error
=======================            ==========================
a               = 0.00399897       +/- 3.367e-05    (0.8421%)


*******************************************************************************
Sat Jul 28 14:39:55 2018


FIT:    data read from ocum u ($1*0.5):(($0+1)/A)
        format = x:z
        x range restricted to [5.00000 : 20.0000]
        #datapoints = 153
        residuals are weighted equally (unit weight)

function used for fitting: y(x)
	y(x) = a * x**p
fitted parameters initialized with current variable values

   3 1.0759073569e-08  -2.37e-06  2.05e-07    4.460280e-03

After 3 iterations the fit converged.
final sum of squares of residuals : 1.07591e-08
rel. change during last iteration : -2.37395e-11

degrees of freedom    (FIT_NDF)                        : 152
rms of residuals      (FIT_STDFIT) = sqrt(WSSR/ndf)    : 8.41329e-06
variance of residuals (reduced chisquare) = WSSR/ndf   : 7.07834e-11

Final set of parameters            Asymptotic Standard Error
=======================            ==========================
a               = 0.00446028       +/- 2.783e-05    (0.624%)


*******************************************************************************
Sat Jul 28 14:39:56 2018


FIT:    data read from ocum u ($1*0.5):(($0+1)/A)
        format = x:z
        x range restricted to [5.00000 : 20.0000]
        #datapoints = 163
        residuals are weighted equally (unit weight)

function used for fitting: y(x)
	y(x) = a * x**p
fitted parameters initialized with current variable values

   3 1.1560086864e-08  -1.70e-06  2.09e-07    4.657888e-03

After 3 iterations the fit converged.
final sum of squares of residuals : 1.15601e-08
rel. change during last iteration : -1.70369e-11

degrees of freedom    (FIT_NDF)                        : 162
rms of residuals      (FIT_STDFIT) = sqrt(WSSR/ndf)    : 8.4474e-06
variance of residuals (reduced chisquare) = WSSR/ndf   : 7.13586e-11

Final set of parameters            Asymptotic Standard Error
=======================            ==========================
a               = 0.00465789       +/- 2.664e-05    (0.572%)


*******************************************************************************
Sat Jul 28 14:39:56 2018


FIT:    data read from ocum u ($1*0.5):(($0+1)/A)
        format = x:z
        x range restricted to [5.00000 : 20.0000]
        #datapoints = 180
        residuals are weighted equally (unit weight)

function used for fitting: y(x)
	y(x) = a * x**p
fitted parameters initialized with current variable values

   3 9.8283646350e-09  -1.30e-06  2.12e-07    4.968242e-03

After 3 iterations the fit converged.
final sum of squares of residuals : 9.82836e-09
rel. change during last iteration : -1.29688e-11

degrees of freedom    (FIT_NDF)                        : 179
rms of residuals      (FIT_STDFIT) = sqrt(WSSR/ndf)    : 7.40993e-06
variance of residuals (reduced chisquare) = WSSR/ndf   : 5.49071e-11

Final set of parameters            Asymptotic Standard Error
=======================            ==========================
a               = 0.00496824       +/- 2.186e-05    (0.44%)


*******************************************************************************
Sat Jul 28 14:39:57 2018


FIT:    data read from ocum u ($1*0.5):(($0+1)/A)
        format = x:z
        x range restricted to [5.00000 : 20.0000]
        #datapoints = 74
        residuals are weighted equally (unit weight)

function used for fitting: y(x)
	y(x) = a * x**p
fitted parameters initialized with current variable values

   3 1.3595460500e-09  -3.67e-04  2.02e-07    2.393635e-03

After 3 iterations the fit converged.
final sum of squares of residuals : 1.35955e-09
rel. change during last iteration : -3.6709e-09

degrees of freedom    (FIT_NDF)                        : 73
rms of residuals      (FIT_STDFIT) = sqrt(WSSR/ndf)    : 4.31554e-06
variance of residuals (reduced chisquare) = WSSR/ndf   : 1.86239e-11

Final set of parameters            Asymptotic Standard Error
=======================            ==========================
a               = 0.00239364       +/- 2.09e-05     (0.8733%)


*******************************************************************************
Sat Jul 28 14:39:57 2018


FIT:    data read from ocum u ($1*0.5):(($0+1)/A)
        format = x:z
        x range restricted to [5.00000 : 20.0000]
        #datapoints = 107
        residuals are weighted equally (unit weight)

function used for fitting: y(x)
	y(x) = a * x**p
fitted parameters initialized with current variable values

   3 7.5302880873e-10  -1.66e-04  2.01e-07    3.188192e-03

After 3 iterations the fit converged.
final sum of squares of residuals : 7.53029e-10
rel. change during last iteration : -1.66224e-09

degrees of freedom    (FIT_NDF)                        : 106
rms of residuals      (FIT_STDFIT) = sqrt(WSSR/ndf)    : 2.66534e-06
variance of residuals (reduced chisquare) = WSSR/ndf   : 7.10405e-12

Final set of parameters            Asymptotic Standard Error
=======================            ==========================
a               = 0.00318819       +/- 1.074e-05    (0.337%)


*******************************************************************************
Sat Jul 28 14:39:58 2018


FIT:    data read from ocum u ($1*0.5):(($0+1)/A)
        format = x:z
        x range restricted to [5.00000 : 20.0000]
        #datapoints = 136
        residuals are weighted equally (unit weight)

function used for fitting: y(x)
	y(x) = a * x**p
fitted parameters initialized with current variable values

   3 1.2395559785e-09  -3.36e-05  1.96e-07    3.984935e-03

After 3 iterations the fit converged.
final sum of squares of residuals : 1.23956e-09
rel. change during last iteration : -3.36403e-10

degrees of freedom    (FIT_NDF)                        : 135
rms of residuals      (FIT_STDFIT) = sqrt(WSSR/ndf)    : 3.03016e-06
variance of residuals (reduced chisquare) = WSSR/ndf   : 9.1819e-12

Final set of parameters            Asymptotic Standard Error
=======================            ==========================
a               = 0.00398493       +/- 1.112e-05    (0.279%)


*******************************************************************************
Sat Jul 28 14:39:59 2018


FIT:    data read from ocum u ($1*0.5):(($0+1)/A)
        format = x:z
        x range restricted to [5.00000 : 20.0000]
        #datapoints = 161
        residuals are weighted equally (unit weight)

function used for fitting: y(x)
	y(x) = a * x**p
fitted parameters initialized with current variable values

   3 3.8181038791e-09  -5.65e-06  2.02e-07    4.430051e-03

After 3 iterations the fit converged.
final sum of squares of residuals : 3.8181e-09
rel. change during last iteration : -5.65039e-11

degrees of freedom    (FIT_NDF)                        : 160
rms of residuals      (FIT_STDFIT) = sqrt(WSSR/ndf)    : 4.88499e-06
variance of residuals (reduced chisquare) = WSSR/ndf   : 2.38631e-11

Final set of parameters            Asymptotic Standard Error
=======================            ==========================
a               = 0.00443005       +/- 1.601e-05    (0.3613%)


*******************************************************************************
Sat Jul 28 14:39:59 2018


FIT:    data read from ocum u ($1*0.5):(($0+1)/A)
        format = x:z
        x range restricted to [5.00000 : 20.0000]
        #datapoints = 193
        residuals are weighted equally (unit weight)

function used for fitting: y(x)
	y(x) = a * x**p
fitted parameters initialized with current variable values

   3 1.0136403166e-08  -8.23e-07  2.03e-07    5.174853e-03

After 3 iterations the fit converged.
final sum of squares of residuals : 1.01364e-08
rel. change during last iteration : -8.22676e-12

degrees of freedom    (FIT_NDF)                        : 192
rms of residuals      (FIT_STDFIT) = sqrt(WSSR/ndf)    : 7.26593e-06
variance of residuals (reduced chisquare) = WSSR/ndf   : 5.27938e-11

Final set of parameters            Asymptotic Standard Error
=======================            ==========================
a               = 0.00517485       +/- 2.167e-05    (0.4188%)


*******************************************************************************
Sat Jul 28 14:40:00 2018


FIT:    data read from ocum u ($1*0.5):(($0+1)/A)
        format = x:z
        x range restricted to [5.00000 : 20.0000]
        #datapoints = 210
        residuals are weighted equally (unit weight)

function used for fitting: y(x)
	y(x) = a * x**p
fitted parameters initialized with current variable values

   3 1.3642329721e-08  -3.80e-07  2.05e-07    5.550351e-03

After 3 iterations the fit converged.
final sum of squares of residuals : 1.36423e-08
rel. change during last iteration : -3.79638e-12

degrees of freedom    (FIT_NDF)                        : 209
rms of residuals      (FIT_STDFIT) = sqrt(WSSR/ndf)    : 8.07925e-06
variance of residuals (reduced chisquare) = WSSR/ndf   : 6.52743e-11

Final set of parameters            Asymptotic Standard Error
=======================            ==========================
a               = 0.00555035       +/- 2.283e-05    (0.4113%)


*******************************************************************************
Sat Jul 28 14:40:01 2018


FIT:    data read from ocum u ($1*0.5):(($0+1)/A)
        format = x:z
        x range restricted to [5.00000 : 20.0000]
        #datapoints = 233
        residuals are weighted equally (unit weight)

function used for fitting: y(x)
	y(x) = a * x**p
fitted parameters initialized with current variable values

   3 1.5613089397e-08  -1.64e-07  2.06e-07    6.066983e-03

After 3 iterations the fit converged.
final sum of squares of residuals : 1.56131e-08
rel. change during last iteration : -1.64365e-12

degrees of freedom    (FIT_NDF)                        : 232
rms of residuals      (FIT_STDFIT) = sqrt(WSSR/ndf)    : 8.20352e-06
variance of residuals (reduced chisquare) = WSSR/ndf   : 6.72978e-11

Final set of parameters            Asymptotic Standard Error
=======================            ==========================
a               = 0.00606698       +/- 2.191e-05    (0.3611%)


*******************************************************************************
Sat Jul 28 14:40:01 2018


FIT:    data read from ocum u ($1*0.5):(($0+1)/A)
        format = x:z
        x range restricted to [5.00000 : 20.0000]
        #datapoints = 252
        residuals are weighted equally (unit weight)

function used for fitting: y(x)
	y(x) = a * x**p
fitted parameters initialized with current variable values

   3 1.5586508406e-08  -7.98e-08  2.05e-07    6.561314e-03

After 3 iterations the fit converged.
final sum of squares of residuals : 1.55865e-08
rel. change during last iteration : -7.9754e-13

degrees of freedom    (FIT_NDF)                        : 251
rms of residuals      (FIT_STDFIT) = sqrt(WSSR/ndf)    : 7.88021e-06
variance of residuals (reduced chisquare) = WSSR/ndf   : 6.20976e-11

Final set of parameters            Asymptotic Standard Error
=======================            ==========================
a               = 0.00656131       +/- 2.038e-05    (0.3106%)


*******************************************************************************
Sat Jul 28 14:40:02 2018


FIT:    data read from ocum u ($1*0.5):(($0+1)/A)
        format = x:z
        x range restricted to [5.00000 : 20.0000]
        #datapoints = 260
        residuals are weighted equally (unit weight)

function used for fitting: y(x)
	y(x) = a * x**p
fitted parameters initialized with current variable values

   3 9.5435174172e-09  -6.36e-08  1.98e-07    7.010462e-03

After 3 iterations the fit converged.
final sum of squares of residuals : 9.54352e-09
rel. change during last iteration : -6.35845e-13

degrees of freedom    (FIT_NDF)                        : 259
rms of residuals      (FIT_STDFIT) = sqrt(WSSR/ndf)    : 6.07022e-06
variance of residuals (reduced chisquare) = WSSR/ndf   : 3.68476e-11

Final set of parameters            Asymptotic Standard Error
=======================            ==========================
a               = 0.00701046       +/- 1.596e-05    (0.2276%)


*******************************************************************************
Sat Jul 28 14:40:02 2018


FIT:    data read from ocum u ($1*0.5):(($0+1)/A)
        format = x:z
        x range restricted to [5.00000 : 20.0000]
        #datapoints = 279
        residuals are weighted equally (unit weight)

function used for fitting: y(x)
	y(x) = a * x**p
fitted parameters initialized with current variable values

   3 7.3655792417e-09  -2.82e-08  1.98e-07    7.493950e-03

After 3 iterations the fit converged.
final sum of squares of residuals : 7.36558e-09
rel. change during last iteration : -2.82219e-13

degrees of freedom    (FIT_NDF)                        : 278
rms of residuals      (FIT_STDFIT) = sqrt(WSSR/ndf)    : 5.14732e-06
variance of residuals (reduced chisquare) = WSSR/ndf   : 2.64949e-11

Final set of parameters            Asymptotic Standard Error
=======================            ==========================
a               = 0.00749395       +/- 1.309e-05    (0.1747%)


*******************************************************************************
Sat Jul 28 14:40:03 2018


FIT:    data read from ocum u ($1*0.5):(($0+1)/A)
        format = x:z
        x range restricted to [5.00000 : 20.0000]
        #datapoints = 294
        residuals are weighted equally (unit weight)

function used for fitting: y(x)
	y(x) = a * x**p
fitted parameters initialized with current variable values

   3 4.8170813032e-09  -1.94e-08  2.01e-07    7.755632e-03

After 3 iterations the fit converged.
final sum of squares of residuals : 4.81708e-09
rel. change during last iteration : -1.93526e-13

degrees of freedom    (FIT_NDF)                        : 293
rms of residuals      (FIT_STDFIT) = sqrt(WSSR/ndf)    : 4.05469e-06
variance of residuals (reduced chisquare) = WSSR/ndf   : 1.64406e-11

Final set of parameters            Asymptotic Standard Error
=======================            ==========================
a               = 0.00775563       +/- 9.863e-06    (0.1272%)


*******************************************************************************
Sat Jul 28 14:40:04 2018


FIT:    data read from ocum u ($1*0.5):(($0+1)/A)
        format = x:z
        x range restricted to [5.00000 : 20.0000]
        #datapoints = 274
        residuals are weighted equally (unit weight)

function used for fitting: y(x)
	y(x) = a * x**p
fitted parameters initialized with current variable values

   3 7.5040484956e-09  -3.16e-08  1.98e-07    7.460874e-03

After 3 iterations the fit converged.
final sum of squares of residuals : 7.50405e-09
rel. change during last iteration : -3.16143e-13

degrees of freedom    (FIT_NDF)                        : 273
rms of residuals      (FIT_STDFIT) = sqrt(WSSR/ndf)    : 5.24284e-06
variance of residuals (reduced chisquare) = WSSR/ndf   : 2.74874e-11

Final set of parameters            Asymptotic Standard Error
=======================            ==========================
a               = 0.00746087       +/- 1.341e-05    (0.1798%)


*******************************************************************************
Sat Jul 28 14:40:04 2018


FIT:    data read from ocum u ($1*0.5):(($0+1)/A)
        format = x:z
        x range restricted to [5.00000 : 20.0000]
        #datapoints = 281
        residuals are weighted equally (unit weight)

function used for fitting: y(x)
	y(x) = a * x**p
fitted parameters initialized with current variable values

   3 1.1988434965e-08  -1.31e-08  2.01e-07    7.614780e-03

After 3 iterations the fit converged.
final sum of squares of residuals : 1.19884e-08
rel. change during last iteration : -1.31235e-13

degrees of freedom    (FIT_NDF)                        : 280
rms of residuals      (FIT_STDFIT) = sqrt(WSSR/ndf)    : 6.54338e-06
variance of residuals (reduced chisquare) = WSSR/ndf   : 4.28158e-11

Final set of parameters            Asymptotic Standard Error
=======================            ==========================
a               = 0.00761478       +/- 1.634e-05    (0.2145%)


*******************************************************************************
Sat Jul 28 14:40:05 2018


FIT:    data read from ocum u ($1*0.5):(($0+1)/A)
        format = x:z
        x range restricted to [5.00000 : 20.0000]
        #datapoints = 316
        residuals are weighted equally (unit weight)

function used for fitting: y(x)
	y(x) = a * x**p
fitted parameters initialized with current variable values

   2 5.2549414196e-09  -1.22e-03  2.02e-06    8.394077e-03

After 2 iterations the fit converged.
final sum of squares of residuals : 5.25494e-09
rel. change during last iteration : -1.21819e-08

degrees of freedom    (FIT_NDF)                        : 315
rms of residuals      (FIT_STDFIT) = sqrt(WSSR/ndf)    : 4.0844e-06
variance of residuals (reduced chisquare) = WSSR/ndf   : 1.66824e-11

Final set of parameters            Asymptotic Standard Error
=======================            ==========================
a               = 0.00839408       +/- 9.538e-06    (0.1136%)


*******************************************************************************
Sat Jul 28 14:40:06 2018


FIT:    data read from ocum u ($1*0.5):(($0+1)/A)
        format = x:z
        x range restricted to [5.00000 : 20.0000]
        #datapoints = 335
        residuals are weighted equally (unit weight)

function used for fitting: y(x)
	y(x) = a * x**p
fitted parameters initialized with current variable values

   3 6.0640804889e-09  -4.80e-09  2.03e-07    8.836250e-03

After 3 iterations the fit converged.
final sum of squares of residuals : 6.06408e-09
rel. change during last iteration : -4.80151e-14

degrees of freedom    (FIT_NDF)                        : 334
rms of residuals      (FIT_STDFIT) = sqrt(WSSR/ndf)    : 4.26098e-06
variance of residuals (reduced chisquare) = WSSR/ndf   : 1.81559e-11

Final set of parameters            Asymptotic Standard Error
=======================            ==========================
a               = 0.00883625       +/- 9.651e-06    (0.1092%)


*******************************************************************************
Sat Jul 28 14:40:06 2018


FIT:    data read from ocum u ($1*0.5):(($0+1)/A)
        format = x:z
        x range restricted to [5.00000 : 20.0000]
        #datapoints = 349
        residuals are weighted equally (unit weight)

function used for fitting: y(x)
	y(x) = a * x**p
fitted parameters initialized with current variable values

   3 3.1837706288e-09  -2.73e-08  2.02e-07    9.201584e-03

After 3 iterations the fit converged.
final sum of squares of residuals : 3.18377e-09
rel. change during last iteration : -2.72542e-13

degrees of freedom    (FIT_NDF)                        : 348
rms of residuals      (FIT_STDFIT) = sqrt(WSSR/ndf)    : 3.02469e-06
variance of residuals (reduced chisquare) = WSSR/ndf   : 9.14877e-12

Final set of parameters            Asymptotic Standard Error
=======================            ==========================
a               = 0.00920158       +/- 6.734e-06    (0.07318%)


*******************************************************************************
Sat Jul 28 14:40:07 2018


FIT:    data read from ocum u ($1*0.5):(($0+1)/A)
        format = x:z
        x range restricted to [5.00000 : 20.0000]
        #datapoints = 364
        residuals are weighted equally (unit weight)

function used for fitting: y(x)
	y(x) = a * x**p
fitted parameters initialized with current variable values

   3 3.1532543521e-09  -4.53e-08  2.04e-07    9.485138e-03

After 3 iterations the fit converged.
final sum of squares of residuals : 3.15325e-09
rel. change during last iteration : -4.52512e-13

degrees of freedom    (FIT_NDF)                        : 363
rms of residuals      (FIT_STDFIT) = sqrt(WSSR/ndf)    : 2.94731e-06
variance of residuals (reduced chisquare) = WSSR/ndf   : 8.68665e-12

Final set of parameters            Asymptotic Standard Error
=======================            ==========================
a               = 0.00948514       +/- 6.374e-06    (0.0672%)


*******************************************************************************
Sat Jul 28 14:40:08 2018


FIT:    data read from ocum u ($1*0.5):(($0+1)/A)
        format = x:z
        x range restricted to [5.00000 : 20.0000]
        #datapoints = 364
        residuals are weighted equally (unit weight)

function used for fitting: y(x)
	y(x) = a * x**p
fitted parameters initialized with current variable values

   3 6.9304406062e-09  -1.95e-08  2.04e-07    9.452255e-03

After 3 iterations the fit converged.
final sum of squares of residuals : 6.93044e-09
rel. change during last iteration : -1.94906e-13

degrees of freedom    (FIT_NDF)                        : 363
rms of residuals      (FIT_STDFIT) = sqrt(WSSR/ndf)    : 4.36945e-06
variance of residuals (reduced chisquare) = WSSR/ndf   : 1.90921e-11

Final set of parameters            Asymptotic Standard Error
=======================            ==========================
a               = 0.00945226       +/- 9.417e-06    (0.09963%)


*******************************************************************************
Sat Jul 28 14:40:08 2018


FIT:    data read from ocum u ($1*0.5):(($0+1)/A)
        format = x:z
        x range restricted to [5.00000 : 20.0000]
        #datapoints = 376
        residuals are weighted equally (unit weight)

function used for fitting: y(x)
	y(x) = a * x**p
fitted parameters initialized with current variable values

   3 9.3840365948e-09  -2.13e-08  2.04e-07    9.746751e-03

After 3 iterations the fit converged.
final sum of squares of residuals : 9.38404e-09
rel. change during last iteration : -2.13141e-13

degrees of freedom    (FIT_NDF)                        : 375
rms of residuals      (FIT_STDFIT) = sqrt(WSSR/ndf)    : 5.00241e-06
variance of residuals (reduced chisquare) = WSSR/ndf   : 2.50241e-11

Final set of parameters            Asymptotic Standard Error
=======================            ==========================
a               = 0.00974675       +/- 1.062e-05    (0.109%)


*******************************************************************************
Sat Jul 28 14:40:09 2018


FIT:    data read from ocum u ($1*0.5):(($0+1)/A)
        format = x:z
        x range restricted to [5.00000 : 20.0000]
        #datapoints = 354
        residuals are weighted equally (unit weight)

function used for fitting: y(x)
	y(x) = a * x**p
fitted parameters initialized with current variable values

   3 1.6738087881e-08  -7.95e-09  2.01e-07    9.418160e-03

After 3 iterations the fit converged.
final sum of squares of residuals : 1.67381e-08
rel. change during last iteration : -7.94659e-14

degrees of freedom    (FIT_NDF)                        : 353
rms of residuals      (FIT_STDFIT) = sqrt(WSSR/ndf)    : 6.88598e-06
variance of residuals (reduced chisquare) = WSSR/ndf   : 4.74167e-11

Final set of parameters            Asymptotic Standard Error
=======================            ==========================
a               = 0.00941816       +/- 1.526e-05    (0.1621%)


*******************************************************************************
Sat Jul 28 14:40:09 2018


FIT:    data read from ocum u ($1*0.5):(($0+1)/A)
        format = x:z
        x range restricted to [5.00000 : 20.0000]
        #datapoints = 361
        residuals are weighted equally (unit weight)

function used for fitting: y(x)
	y(x) = a * x**p
fitted parameters initialized with current variable values

   3 1.7657288836e-08  -1.23e-08  1.98e-07    9.764066e-03

After 3 iterations the fit converged.
final sum of squares of residuals : 1.76573e-08
rel. change during last iteration : -1.23487e-13

degrees of freedom    (FIT_NDF)                        : 360
rms of residuals      (FIT_STDFIT) = sqrt(WSSR/ndf)    : 7.00343e-06
variance of residuals (reduced chisquare) = WSSR/ndf   : 4.9048e-11

Final set of parameters            Asymptotic Standard Error
=======================            ==========================
a               = 0.00976407       +/- 1.566e-05    (0.1604%)


*******************************************************************************
Sat Jul 28 14:40:10 2018


FIT:    data read from ocum u ($1*0.5):(($0+1)/A)
        format = x:z
        x range restricted to [5.00000 : 20.0000]
        #datapoints = 355
        residuals are weighted equally (unit weight)

function used for fitting: y(x)
	y(x) = a * x**p
fitted parameters initialized with current variable values

   3 2.0965252287e-08  -1.00e-08  1.96e-07    9.719136e-03

After 3 iterations the fit converged.
final sum of squares of residuals : 2.09653e-08
rel. change during last iteration : -1.00215e-13

degrees of freedom    (FIT_NDF)                        : 354
rms of residuals      (FIT_STDFIT) = sqrt(WSSR/ndf)    : 7.69571e-06
variance of residuals (reduced chisquare) = WSSR/ndf   : 5.92239e-11

Final set of parameters            Asymptotic Standard Error
=======================            ==========================
a               = 0.00971914       +/- 1.754e-05    (0.1804%)


*******************************************************************************
Sat Jul 28 14:40:11 2018


FIT:    data read from ocum u ($1*0.5):(($0+1)/A)
        format = x:z
        x range restricted to [5.00000 : 20.0000]
        #datapoints = 368
        residuals are weighted equally (unit weight)

function used for fitting: y(x)
	y(x) = a * x**p
fitted parameters initialized with current variable values

   3 2.0265439419e-08  -1.31e-08  1.98e-07    9.948101e-03

After 3 iterations the fit converged.
final sum of squares of residuals : 2.02654e-08
rel. change during last iteration : -1.31432e-13

degrees of freedom    (FIT_NDF)                        : 367
rms of residuals      (FIT_STDFIT) = sqrt(WSSR/ndf)    : 7.43096e-06
variance of residuals (reduced chisquare) = WSSR/ndf   : 5.52192e-11

Final set of parameters            Asymptotic Standard Error
=======================            ==========================
a               = 0.0099481        +/- 1.641e-05    (0.165%)


*******************************************************************************
Sat Jul 28 14:40:11 2018


FIT:    data read from ocum u ($1*0.5):(($0+1)/A)
        format = x:z
        x range restricted to [5.00000 : 20.0000]
        #datapoints = 370
        residuals are weighted equally (unit weight)

function used for fitting: y(x)
	y(x) = a * x**p
fitted parameters initialized with current variable values

   3 1.8322925953e-08  -1.34e-08  2.01e-07    9.873793e-03

After 3 iterations the fit converged.
final sum of squares of residuals : 1.83229e-08
rel. change during last iteration : -1.33989e-13

degrees of freedom    (FIT_NDF)                        : 369
rms of residuals      (FIT_STDFIT) = sqrt(WSSR/ndf)    : 7.04667e-06
variance of residuals (reduced chisquare) = WSSR/ndf   : 4.96556e-11

Final set of parameters            Asymptotic Standard Error
=======================            ==========================
a               = 0.00987379       +/- 1.527e-05    (0.1547%)


*******************************************************************************
Sat Jul 28 14:40:12 2018


FIT:    data read from ocum u ($1*0.5):(($0+1)/A)
        format = x:z
        x range restricted to [5.00000 : 20.0000]
        #datapoints = 361
        residuals are weighted equally (unit weight)

function used for fitting: y(x)
	y(x) = a * x**p
fitted parameters initialized with current variable values

   3 2.5818532921e-08  -8.18e-09  2.01e-07    9.719802e-03

After 3 iterations the fit converged.
final sum of squares of residuals : 2.58185e-08
rel. change during last iteration : -8.17616e-14

degrees of freedom    (FIT_NDF)                        : 360
rms of residuals      (FIT_STDFIT) = sqrt(WSSR/ndf)    : 8.46866e-06
variance of residuals (reduced chisquare) = WSSR/ndf   : 7.17181e-11

Final set of parameters            Asymptotic Standard Error
=======================            ==========================
a               = 0.0097198        +/- 1.863e-05    (0.1917%)


*******************************************************************************
Sat Jul 28 14:40:13 2018


FIT:    data read from ocum u ($1*0.5):(($0+1)/A)
        format = x:z
        x range restricted to [5.00000 : 20.0000]
        #datapoints = 380
        residuals are weighted equally (unit weight)

function used for fitting: y(x)
	y(x) = a * x**p
fitted parameters initialized with current variable values

   3 2.0180268853e-08  -1.52e-08  2.02e-07    1.010810e-02

After 3 iterations the fit converged.
final sum of squares of residuals : 2.01803e-08
rel. change during last iteration : -1.51989e-13

degrees of freedom    (FIT_NDF)                        : 379
rms of residuals      (FIT_STDFIT) = sqrt(WSSR/ndf)    : 7.29699e-06
variance of residuals (reduced chisquare) = WSSR/ndf   : 5.32461e-11

Final set of parameters            Asymptotic Standard Error
=======================            ==========================
a               = 0.0101081        +/- 1.554e-05    (0.1537%)


*******************************************************************************
Sat Jul 28 14:40:13 2018


FIT:    data read from ocum u ($1*0.5):(($0+1)/A)
        format = x:z
        x range restricted to [5.00000 : 20.0000]
        #datapoints = 31
        residuals are weighted equally (unit weight)

function used for fitting: y(x)
	y(x) = a * x**p
fitted parameters initialized with current variable values

   3 2.6035865116e-10  -4.69e-02  2.18e-07    8.022094e-04

After 3 iterations the fit converged.
final sum of squares of residuals : 2.60359e-10
rel. change during last iteration : -4.69216e-07

degrees of freedom    (FIT_NDF)                        : 30
rms of residuals      (FIT_STDFIT) = sqrt(WSSR/ndf)    : 2.94595e-06
variance of residuals (reduced chisquare) = WSSR/ndf   : 8.67862e-12

Final set of parameters            Asymptotic Standard Error
=======================            ==========================
a               = 0.000802209      +/- 2.041e-05    (2.544%)


*******************************************************************************
Sat Jul 28 14:40:14 2018


FIT:    data read from ocum u ($1*0.5):(($0+1)/A)
        format = x:z
        x range restricted to [5.00000 : 20.0000]
        #datapoints = 69
        residuals are weighted equally (unit weight)

function used for fitting: y(x)
	y(x) = a * x**p
fitted parameters initialized with current variable values

   3 2.4693784104e-09  -3.46e-04  2.13e-07    1.678722e-03

After 3 iterations the fit converged.
final sum of squares of residuals : 2.46938e-09
rel. change during last iteration : -3.46446e-09

degrees of freedom    (FIT_NDF)                        : 68
rms of residuals      (FIT_STDFIT) = sqrt(WSSR/ndf)    : 6.02614e-06
variance of residuals (reduced chisquare) = WSSR/ndf   : 3.63144e-11

Final set of parameters            Asymptotic Standard Error
=======================            ==========================
a               = 0.00167872       +/- 2.867e-05    (1.708%)


*******************************************************************************
Sat Jul 28 14:40:15 2018


FIT:    data read from ocum u ($1*0.5):(($0+1)/A)
        format = x:z
        x range restricted to [5.00000 : 20.0000]
        #datapoints = 99
        residuals are weighted equally (unit weight)

function used for fitting: y(x)
	y(x) = a * x**p
fitted parameters initialized with current variable values

   3 8.6194661604e-09  -3.07e-05  2.21e-07    2.257902e-03

After 3 iterations the fit converged.
final sum of squares of residuals : 8.61947e-09
rel. change during last iteration : -3.06797e-10

degrees of freedom    (FIT_NDF)                        : 98
rms of residuals      (FIT_STDFIT) = sqrt(WSSR/ndf)    : 9.37837e-06
variance of residuals (reduced chisquare) = WSSR/ndf   : 8.79537e-11

Final set of parameters            Asymptotic Standard Error
=======================            ==========================
a               = 0.0022579        +/- 3.578e-05    (1.585%)


*******************************************************************************
Sat Jul 28 14:40:15 2018


FIT:    data read from ocum u ($1*0.5):(($0+1)/A)
        format = x:z
        x range restricted to [5.00000 : 20.0000]
        #datapoints = 126
        residuals are weighted equally (unit weight)

function used for fitting: y(x)
	y(x) = a * x**p
fitted parameters initialized with current variable values

   3 1.7958516382e-08  -5.93e-06  2.22e-07    2.833231e-03

After 3 iterations the fit converged.
final sum of squares of residuals : 1.79585e-08
rel. change during last iteration : -5.92539e-11

degrees of freedom    (FIT_NDF)                        : 125
rms of residuals      (FIT_STDFIT) = sqrt(WSSR/ndf)    : 1.19862e-05
variance of residuals (reduced chisquare) = WSSR/ndf   : 1.43668e-10

Final set of parameters            Asymptotic Standard Error
=======================            ==========================
a               = 0.00283323       +/- 4.042e-05    (1.427%)


*******************************************************************************
Sat Jul 28 14:40:16 2018


FIT:    data read from ocum u ($1*0.5):(($0+1)/A)
        format = x:z
        x range restricted to [5.00000 : 20.0000]
        #datapoints = 164
        residuals are weighted equally (unit weight)

function used for fitting: y(x)
	y(x) = a * x**p
fitted parameters initialized with current variable values

   3 3.6332090931e-08  -1.03e-06  2.26e-07    3.591324e-03

After 3 iterations the fit converged.
final sum of squares of residuals : 3.63321e-08
rel. change during last iteration : -1.03101e-11

degrees of freedom    (FIT_NDF)                        : 163
rms of residuals      (FIT_STDFIT) = sqrt(WSSR/ndf)    : 1.49297e-05
variance of residuals (reduced chisquare) = WSSR/ndf   : 2.22896e-10

Final set of parameters            Asymptotic Standard Error
=======================            ==========================
a               = 0.00359132       +/- 4.335e-05    (1.207%)


*******************************************************************************
Sat Jul 28 14:40:16 2018


FIT:    data read from ocum u ($1*0.5):(($0+1)/A)
        format = x:z
        x range restricted to [5.00000 : 20.0000]
        #datapoints = 202
        residuals are weighted equally (unit weight)

function used for fitting: y(x)
	y(x) = a * x**p
fitted parameters initialized with current variable values

   3 6.1022561519e-08  -2.15e-07  2.23e-07    4.462635e-03

After 3 iterations the fit converged.
final sum of squares of residuals : 6.10226e-08
rel. change during last iteration : -2.14803e-12

degrees of freedom    (FIT_NDF)                        : 201
rms of residuals      (FIT_STDFIT) = sqrt(WSSR/ndf)    : 1.7424e-05
variance of residuals (reduced chisquare) = WSSR/ndf   : 3.03595e-10

Final set of parameters            Asymptotic Standard Error
=======================            ==========================
a               = 0.00446264       +/- 4.621e-05    (1.035%)


*******************************************************************************
Sat Jul 28 14:40:17 2018


FIT:    data read from ocum u ($1*0.5):(($0+1)/A)
        format = x:z
        x range restricted to [5.00000 : 20.0000]
        #datapoints = 218
        residuals are weighted equally (unit weight)

function used for fitting: y(x)
	y(x) = a * x**p
fitted parameters initialized with current variable values

   3 6.1273391105e-08  -1.36e-07  2.21e-07    4.857372e-03

After 3 iterations the fit converged.
final sum of squares of residuals : 6.12734e-08
rel. change during last iteration : -1.35625e-12

degrees of freedom    (FIT_NDF)                        : 217
rms of residuals      (FIT_STDFIT) = sqrt(WSSR/ndf)    : 1.68037e-05
variance of residuals (reduced chisquare) = WSSR/ndf   : 2.82366e-10

Final set of parameters            Asymptotic Standard Error
=======================            ==========================
a               = 0.00485737       +/- 4.325e-05    (0.8905%)


*******************************************************************************
Sat Jul 28 14:40:18 2018


FIT:    data read from ocum u ($1*0.5):(($0+1)/A)
        format = x:z
        x range restricted to [5.00000 : 20.0000]
        #datapoints = 248
        residuals are weighted equally (unit weight)

function used for fitting: y(x)
	y(x) = a * x**p
fitted parameters initialized with current variable values

   3 1.0001864089e-07  -4.04e-08  2.24e-07    5.439505e-03

After 3 iterations the fit converged.
final sum of squares of residuals : 1.00019e-07
rel. change during last iteration : -4.04118e-13

degrees of freedom    (FIT_NDF)                        : 247
rms of residuals      (FIT_STDFIT) = sqrt(WSSR/ndf)    : 2.0123e-05
variance of residuals (reduced chisquare) = WSSR/ndf   : 4.04934e-10

Final set of parameters            Asymptotic Standard Error
=======================            ==========================
a               = 0.0054395        +/- 4.799e-05    (0.8822%)


*******************************************************************************
Sat Jul 28 14:40:18 2018


FIT:    data read from ocum u ($1*0.5):(($0+1)/A)
        format = x:z
        x range restricted to [5.00000 : 20.0000]
        #datapoints = 207
        residuals are weighted equally (unit weight)

function used for fitting: y(x)
	y(x) = a * x**p
fitted parameters initialized with current variable values

   3 2.9926628617e-08  -3.32e-07  2.16e-07    4.735938e-03

After 3 iterations the fit converged.
final sum of squares of residuals : 2.99266e-08
rel. change during last iteration : -3.3217e-12

degrees of freedom    (FIT_NDF)                        : 206
rms of residuals      (FIT_STDFIT) = sqrt(WSSR/ndf)    : 1.2053e-05
variance of residuals (reduced chisquare) = WSSR/ndf   : 1.45275e-10

Final set of parameters            Asymptotic Standard Error
=======================            ==========================
a               = 0.00473594       +/- 3.253e-05    (0.6869%)


*******************************************************************************
Sat Jul 28 14:40:19 2018


FIT:    data read from ocum u ($1*0.5):(($0+1)/A)
        format = x:z
        x range restricted to [5.00000 : 20.0000]
        #datapoints = 236
        residuals are weighted equally (unit weight)

function used for fitting: y(x)
	y(x) = a * x**p
fitted parameters initialized with current variable values

   3 5.6308703011e-08  -8.53e-08  2.19e-07    5.340891e-03

After 3 iterations the fit converged.
final sum of squares of residuals : 5.63087e-08
rel. change during last iteration : -8.53084e-13

degrees of freedom    (FIT_NDF)                        : 235
rms of residuals      (FIT_STDFIT) = sqrt(WSSR/ndf)    : 1.54794e-05
variance of residuals (reduced chisquare) = WSSR/ndf   : 2.39612e-10

Final set of parameters            Asymptotic Standard Error
=======================            ==========================
a               = 0.00534089       +/- 3.863e-05    (0.7233%)


*******************************************************************************
Sat Jul 28 14:40:19 2018


FIT:    data read from ocum u ($1*0.5):(($0+1)/A)
        format = x:z
        x range restricted to [5.00000 : 20.0000]
        #datapoints = 249
        residuals are weighted equally (unit weight)

function used for fitting: y(x)
	y(x) = a * x**p
fitted parameters initialized with current variable values

   3 6.4441015590e-08  -5.32e-08  2.20e-07    5.608629e-03

After 3 iterations the fit converged.
final sum of squares of residuals : 6.4441e-08
rel. change during last iteration : -5.32139e-13

degrees of freedom    (FIT_NDF)                        : 248
rms of residuals      (FIT_STDFIT) = sqrt(WSSR/ndf)    : 1.61196e-05
variance of residuals (reduced chisquare) = WSSR/ndf   : 2.59843e-10

Final set of parameters            Asymptotic Standard Error
=======================            ==========================
a               = 0.00560863       +/- 3.903e-05    (0.6959%)


*******************************************************************************
Sat Jul 28 14:40:20 2018


FIT:    data read from ocum u ($1*0.5):(($0+1)/A)
        format = x:z
        x range restricted to [5.00000 : 20.0000]
        #datapoints = 221
        residuals are weighted equally (unit weight)

function used for fitting: y(x)
	y(x) = a * x**p
fitted parameters initialized with current variable values

   3 2.6802897043e-08  -2.15e-07  2.13e-07    5.274056e-03

After 3 iterations the fit converged.
final sum of squares of residuals : 2.68029e-08
rel. change during last iteration : -2.15056e-12

degrees of freedom    (FIT_NDF)                        : 220
rms of residuals      (FIT_STDFIT) = sqrt(WSSR/ndf)    : 1.10377e-05
variance of residuals (reduced chisquare) = WSSR/ndf   : 1.21831e-10

Final set of parameters            Asymptotic Standard Error
=======================            ==========================
a               = 0.00527406       +/- 2.929e-05    (0.5554%)


*******************************************************************************
Sat Jul 28 14:40:21 2018


FIT:    data read from ocum u ($1*0.5):(($0+1)/A)
        format = x:z
        x range restricted to [5.00000 : 20.0000]
        #datapoints = 240
        residuals are weighted equally (unit weight)

function used for fitting: y(x)
	y(x) = a * x**p
fitted parameters initialized with current variable values

   3 3.2858113878e-08  -9.78e-08  2.12e-07    5.742744e-03

After 3 iterations the fit converged.
final sum of squares of residuals : 3.28581e-08
rel. change during last iteration : -9.77771e-13

degrees of freedom    (FIT_NDF)                        : 239
rms of residuals      (FIT_STDFIT) = sqrt(WSSR/ndf)    : 1.17253e-05
variance of residuals (reduced chisquare) = WSSR/ndf   : 1.37482e-10

Final set of parameters            Asymptotic Standard Error
=======================            ==========================
a               = 0.00574274       +/- 3.005e-05    (0.5233%)


*******************************************************************************
Sat Jul 28 14:40:21 2018


FIT:    data read from ocum u ($1*0.5):(($0+1)/A)
        format = x:z
        x range restricted to [5.00000 : 20.0000]
        #datapoints = 237
        residuals are weighted equally (unit weight)

function used for fitting: y(x)
	y(x) = a * x**p
fitted parameters initialized with current variable values

   3 2.3244704806e-08  -1.43e-07  2.12e-07    5.750471e-03

After 3 iterations the fit converged.
final sum of squares of residuals : 2.32447e-08
rel. change during last iteration : -1.42614e-12

degrees of freedom    (FIT_NDF)                        : 236
rms of residuals      (FIT_STDFIT) = sqrt(WSSR/ndf)    : 9.92444e-06
variance of residuals (reduced chisquare) = WSSR/ndf   : 9.84945e-11

Final set of parameters            Asymptotic Standard Error
=======================            ==========================
a               = 0.00575047       +/- 2.56e-05     (0.4452%)


*******************************************************************************
Sat Jul 28 14:40:22 2018


FIT:    data read from ocum u ($1*0.5):(($0+1)/A)
        format = x:z
        x range restricted to [5.00000 : 20.0000]
        #datapoints = 234
        residuals are weighted equally (unit weight)

function used for fitting: y(x)
	y(x) = a * x**p
fitted parameters initialized with current variable values

   3 2.2129279182e-08  -1.67e-07  2.14e-07    5.685121e-03

After 3 iterations the fit converged.
final sum of squares of residuals : 2.21293e-08
rel. change during last iteration : -1.6731e-12

degrees of freedom    (FIT_NDF)                        : 233
rms of residuals      (FIT_STDFIT) = sqrt(WSSR/ndf)    : 9.74553e-06
variance of residuals (reduced chisquare) = WSSR/ndf   : 9.49754e-11

Final set of parameters            Asymptotic Standard Error
=======================            ==========================
a               = 0.00568512       +/- 2.501e-05    (0.4398%)


*******************************************************************************
Sat Jul 28 14:40:22 2018


FIT:    data read from ocum u ($1*0.5):(($0+1)/A)
        format = x:z
        x range restricted to [5.00000 : 20.0000]
        #datapoints = 238
        residuals are weighted equally (unit weight)

function used for fitting: y(x)
	y(x) = a * x**p
fitted parameters initialized with current variable values

   3 1.5375065782e-08  -1.96e-07  2.12e-07    5.863499e-03

After 3 iterations the fit converged.
final sum of squares of residuals : 1.53751e-08
rel. change during last iteration : -1.96457e-12

degrees of freedom    (FIT_NDF)                        : 237
rms of residuals      (FIT_STDFIT) = sqrt(WSSR/ndf)    : 8.05442e-06
variance of residuals (reduced chisquare) = WSSR/ndf   : 6.48737e-11

Final set of parameters            Asymptotic Standard Error
=======================            ==========================
a               = 0.0058635        +/- 2.066e-05    (0.3524%)


*******************************************************************************
Sat Jul 28 14:40:23 2018


FIT:    data read from ocum u ($1*0.5):(($0+1)/A)
        format = x:z
        x range restricted to [5.00000 : 20.0000]
        #datapoints = 247
        residuals are weighted equally (unit weight)

function used for fitting: y(x)
	y(x) = a * x**p
fitted parameters initialized with current variable values

   3 1.4764187307e-08  -1.55e-07  2.12e-07    6.065934e-03

After 3 iterations the fit converged.
final sum of squares of residuals : 1.47642e-08
rel. change during last iteration : -1.55237e-12

degrees of freedom    (FIT_NDF)                        : 246
rms of residuals      (FIT_STDFIT) = sqrt(WSSR/ndf)    : 7.74707e-06
variance of residuals (reduced chisquare) = WSSR/ndf   : 6.0017e-11

Final set of parameters            Asymptotic Standard Error
=======================            ==========================
a               = 0.00606593       +/- 1.95e-05     (0.3214%)


*******************************************************************************
Sat Jul 28 14:40:24 2018


FIT:    data read from ocum u ($1*0.5):(($0+1)/A)
        format = x:z
        x range restricted to [5.00000 : 20.0000]
        #datapoints = 248
        residuals are weighted equally (unit weight)

function used for fitting: y(x)
	y(x) = a * x**p
fitted parameters initialized with current variable values

   3 9.6100573434e-09  -2.13e-07  2.11e-07    6.167233e-03

After 3 iterations the fit converged.
final sum of squares of residuals : 9.61006e-09
rel. change during last iteration : -2.12793e-12

degrees of freedom    (FIT_NDF)                        : 247
rms of residuals      (FIT_STDFIT) = sqrt(WSSR/ndf)    : 6.23756e-06
variance of residuals (reduced chisquare) = WSSR/ndf   : 3.89071e-11

Final set of parameters            Asymptotic Standard Error
=======================            ==========================
a               = 0.00616723       +/- 1.577e-05    (0.2557%)


*******************************************************************************
Sat Jul 28 14:40:24 2018


FIT:    data read from ocum u ($1*0.5):(($0+1)/A)
        format = x:z
        x range restricted to [5.00000 : 20.0000]
        #datapoints = 252
        residuals are weighted equally (unit weight)

function used for fitting: y(x)
	y(x) = a * x**p
fitted parameters initialized with current variable values

   3 7.8237188962e-09  -2.10e-07  2.10e-07    6.336486e-03

After 3 iterations the fit converged.
final sum of squares of residuals : 7.82372e-09
rel. change during last iteration : -2.10059e-12

degrees of freedom    (FIT_NDF)                        : 251
rms of residuals      (FIT_STDFIT) = sqrt(WSSR/ndf)    : 5.58303e-06
variance of residuals (reduced chisquare) = WSSR/ndf   : 3.11702e-11

Final set of parameters            Asymptotic Standard Error
=======================            ==========================
a               = 0.00633649       +/- 1.409e-05    (0.2224%)


*******************************************************************************
Sat Jul 28 14:40:25 2018


FIT:    data read from ocum u ($1*0.5):(($0+1)/A)
        format = x:z
        x range restricted to [5.00000 : 20.0000]
        #datapoints = 274
        residuals are weighted equally (unit weight)

function used for fitting: y(x)
	y(x) = a * x**p
fitted parameters initialized with current variable values

   3 1.5402636756e-08  -4.68e-08  2.09e-07    6.848876e-03

After 3 iterations the fit converged.
final sum of squares of residuals : 1.54026e-08
rel. change during last iteration : -4.68297e-13

degrees of freedom    (FIT_NDF)                        : 273
rms of residuals      (FIT_STDFIT) = sqrt(WSSR/ndf)    : 7.51132e-06
variance of residuals (reduced chisquare) = WSSR/ndf   : 5.64199e-11

Final set of parameters            Asymptotic Standard Error
=======================            ==========================
a               = 0.00684888       +/- 1.82e-05     (0.2658%)


*******************************************************************************
Sat Jul 28 14:40:25 2018


FIT:    data read from ocum u ($1*0.5):(($0+1)/A)
        format = x:z
        x range restricted to [5.00000 : 20.0000]
        #datapoints = 299
        residuals are weighted equally (unit weight)

function used for fitting: y(x)
	y(x) = a * x**p
fitted parameters initialized with current variable values

   3 2.9257502211e-08  -9.70e-09  2.13e-07    7.309411e-03

After 3 iterations the fit converged.
final sum of squares of residuals : 2.92575e-08
rel. change during last iteration : -9.7031e-14

degrees of freedom    (FIT_NDF)                        : 298
rms of residuals      (FIT_STDFIT) = sqrt(WSSR/ndf)    : 9.90856e-06
variance of residuals (reduced chisquare) = WSSR/ndf   : 9.81795e-11

Final set of parameters            Asymptotic Standard Error
=======================            ==========================
a               = 0.00730941       +/- 2.263e-05    (0.3096%)


*******************************************************************************
Sat Jul 28 14:40:26 2018


FIT:    data read from ocum u ($1*0.5):(($0+1)/A)
        format = x:z
        x range restricted to [5.00000 : 20.0000]
        #datapoints = 269
        residuals are weighted equally (unit weight)

function used for fitting: y(x)
	y(x) = a * x**p
fitted parameters initialized with current variable values

   3 1.3195898494e-08  -6.14e-08  2.10e-07    6.801258e-03

After 3 iterations the fit converged.
final sum of squares of residuals : 1.31959e-08
rel. change during last iteration : -6.14435e-13

degrees of freedom    (FIT_NDF)                        : 268
rms of residuals      (FIT_STDFIT) = sqrt(WSSR/ndf)    : 7.01701e-06
variance of residuals (reduced chisquare) = WSSR/ndf   : 4.92384e-11

Final set of parameters            Asymptotic Standard Error
=======================            ==========================
a               = 0.00680126       +/- 1.715e-05    (0.2522%)


*******************************************************************************
Sat Jul 28 14:40:27 2018


FIT:    data read from ocum u ($1*0.5):(($0+1)/A)
        format = x:z
        x range restricted to [5.00000 : 20.0000]
        #datapoints = 297
        residuals are weighted equally (unit weight)

function used for fitting: y(x)
	y(x) = a * x**p
fitted parameters initialized with current variable values

   3 1.9941623852e-08  -8.51e-09  2.07e-07    7.540922e-03

After 3 iterations the fit converged.
final sum of squares of residuals : 1.99416e-08
rel. change during last iteration : -8.51172e-14

degrees of freedom    (FIT_NDF)                        : 296
rms of residuals      (FIT_STDFIT) = sqrt(WSSR/ndf)    : 8.20794e-06
variance of residuals (reduced chisquare) = WSSR/ndf   : 6.73704e-11

Final set of parameters            Asymptotic Standard Error
=======================            ==========================
a               = 0.00754092       +/- 1.933e-05    (0.2564%)


*******************************************************************************
Sat Jul 28 14:40:27 2018


FIT:    data read from ocum u ($1*0.5):(($0+1)/A)
        format = x:z
        x range restricted to [5.00000 : 20.0000]
        #datapoints = 303
        residuals are weighted equally (unit weight)

function used for fitting: y(x)
	y(x) = a * x**p
fitted parameters initialized with current variable values

   3 2.8855172083e-08  -4.04e-09  2.07e-07    7.669880e-03

After 3 iterations the fit converged.
final sum of squares of residuals : 2.88552e-08
rel. change during last iteration : -4.03626e-14

degrees of freedom    (FIT_NDF)                        : 302
rms of residuals      (FIT_STDFIT) = sqrt(WSSR/ndf)    : 9.77481e-06
variance of residuals (reduced chisquare) = WSSR/ndf   : 9.55469e-11

Final set of parameters            Asymptotic Standard Error
=======================            ==========================
a               = 0.00766988       +/- 2.277e-05    (0.2969%)


*******************************************************************************
Sat Jul 28 14:40:28 2018


FIT:    data read from ocum u ($1*0.5):(($0+1)/A)
        format = x:z
        x range restricted to [5.00000 : 20.0000]
        #datapoints = 319
        residuals are weighted equally (unit weight)

function used for fitting: y(x)
	y(x) = a * x**p
fitted parameters initialized with current variable values

   2 3.9939309119e-08  -4.21e-01  2.06e-06    8.099815e-03

After 2 iterations the fit converged.
final sum of squares of residuals : 3.99393e-08
rel. change during last iteration : -4.21358e-06

degrees of freedom    (FIT_NDF)                        : 318
rms of residuals      (FIT_STDFIT) = sqrt(WSSR/ndf)    : 1.12069e-05
variance of residuals (reduced chisquare) = WSSR/ndf   : 1.25595e-10

Final set of parameters            Asymptotic Standard Error
=======================            ==========================
a               = 0.00809981       +/- 2.563e-05    (0.3164%)


*******************************************************************************
Sat Jul 28 14:40:28 2018


FIT:    data read from ocum u ($1*0.5):(($0+1)/A)
        format = x:z
        x range restricted to [5.00000 : 20.0000]
        #datapoints = 299
        residuals are weighted equally (unit weight)

function used for fitting: y(x)
	y(x) = a * x**p
fitted parameters initialized with current variable values

   3 1.6318687411e-08  -6.97e-09  2.04e-07    7.680450e-03

After 3 iterations the fit converged.
final sum of squares of residuals : 1.63187e-08
rel. change during last iteration : -6.97483e-14

degrees of freedom    (FIT_NDF)                        : 298
rms of residuals      (FIT_STDFIT) = sqrt(WSSR/ndf)    : 7.40005e-06
variance of residuals (reduced chisquare) = WSSR/ndf   : 5.47607e-11

Final set of parameters            Asymptotic Standard Error
=======================            ==========================
a               = 0.00768045       +/- 1.758e-05    (0.2289%)


*******************************************************************************
Sat Jul 28 14:40:29 2018


FIT:    data read from ocum u ($1*0.5):(($0+1)/A)
        format = x:z
        x range restricted to [5.00000 : 20.0000]
        #datapoints = 310
        residuals are weighted equally (unit weight)

function used for fitting: y(x)
	y(x) = a * x**p
fitted parameters initialized with current variable values

   3 1.0697251681e-08  -2.69e-09  2.03e-07    8.013502e-03

After 3 iterations the fit converged.
final sum of squares of residuals : 1.06973e-08
rel. change during last iteration : -2.69096e-14

degrees of freedom    (FIT_NDF)                        : 309
rms of residuals      (FIT_STDFIT) = sqrt(WSSR/ndf)    : 5.88379e-06
variance of residuals (reduced chisquare) = WSSR/ndf   : 3.46189e-11

Final set of parameters            Asymptotic Standard Error
=======================            ==========================
a               = 0.0080135        +/- 1.385e-05    (0.1728%)


*******************************************************************************
Sat Jul 28 14:40:30 2018


FIT:    data read from ocum u ($1*0.5):(($0+1)/A)
        format = x:z
        x range restricted to [5.00000 : 20.0000]
        #datapoints = 328
        residuals are weighted equally (unit weight)

function used for fitting: y(x)
	y(x) = a * x**p
fitted parameters initialized with current variable values

   2 1.2840683642e-08  -6.75e-02  2.02e-06    8.470326e-03

After 2 iterations the fit converged.
final sum of squares of residuals : 1.28407e-08
rel. change during last iteration : -6.75207e-07

degrees of freedom    (FIT_NDF)                        : 327
rms of residuals      (FIT_STDFIT) = sqrt(WSSR/ndf)    : 6.26643e-06
variance of residuals (reduced chisquare) = WSSR/ndf   : 3.92681e-11

Final set of parameters            Asymptotic Standard Error
=======================            ==========================
a               = 0.00847033       +/- 1.439e-05    (0.1698%)


*******************************************************************************
Sat Jul 28 14:40:30 2018


FIT:    data read from ocum u ($1*0.5):(($0+1)/A)
        format = x:z
        x range restricted to [5.00000 : 20.0000]
        #datapoints = 332
        residuals are weighted equally (unit weight)

function used for fitting: y(x)
	y(x) = a * x**p
fitted parameters initialized with current variable values

   3 5.9542927755e-09  -3.31e-09  1.98e-07    8.762487e-03

After 3 iterations the fit converged.
final sum of squares of residuals : 5.95429e-09
rel. change during last iteration : -3.30634e-14

degrees of freedom    (FIT_NDF)                        : 331
rms of residuals      (FIT_STDFIT) = sqrt(WSSR/ndf)    : 4.24132e-06
variance of residuals (reduced chisquare) = WSSR/ndf   : 1.79888e-11

Final set of parameters            Asymptotic Standard Error
=======================            ==========================
a               = 0.00876249       +/- 9.897e-06    (0.1129%)


*******************************************************************************
Sat Jul 28 14:40:31 2018


FIT:    data read from ocum u ($1*0.5):(($0+1)/A)
        format = x:z
        x range restricted to [5.00000 : 20.0000]
        #datapoints = 342
        residuals are weighted equally (unit weight)

function used for fitting: y(x)
	y(x) = a * x**p
fitted parameters initialized with current variable values

   3 6.8999667661e-09  -8.74e-09  1.97e-07    9.065512e-03

After 3 iterations the fit converged.
final sum of squares of residuals : 6.89997e-09
rel. change during last iteration : -8.73939e-14

degrees of freedom    (FIT_NDF)                        : 341
rms of residuals      (FIT_STDFIT) = sqrt(WSSR/ndf)    : 4.49828e-06
variance of residuals (reduced chisquare) = WSSR/ndf   : 2.02345e-11

Final set of parameters            Asymptotic Standard Error
=======================            ==========================
a               = 0.00906551       +/- 1.037e-05    (0.1143%)


*******************************************************************************
Sat Jul 28 14:40:31 2018


FIT:    data read from ocum u ($1*0.5):(($0+1)/A)
        format = x:z
        x range restricted to [5.00000 : 20.0000]
        #datapoints = 357
        residuals are weighted equally (unit weight)

function used for fitting: y(x)
	y(x) = a * x**p
fitted parameters initialized with current variable values

   3 7.3632828204e-09  -1.63e-08  1.98e-07    9.394650e-03

After 3 iterations the fit converged.
final sum of squares of residuals : 7.36328e-09
rel. change during last iteration : -1.63116e-13

degrees of freedom    (FIT_NDF)                        : 356
rms of residuals      (FIT_STDFIT) = sqrt(WSSR/ndf)    : 4.5479e-06
variance of residuals (reduced chisquare) = WSSR/ndf   : 2.06834e-11

Final set of parameters            Asymptotic Standard Error
=======================            ==========================
a               = 0.00939465       +/- 1.021e-05    (0.1087%)


*******************************************************************************
Sat Jul 28 14:40:32 2018


FIT:    data read from ocum u ($1*0.5):(($0+1)/A)
        format = x:z
        x range restricted to [5.00000 : 20.0000]
        #datapoints = 370
        residuals are weighted equally (unit weight)

function used for fitting: y(x)
	y(x) = a * x**p
fitted parameters initialized with current variable values

   3 8.2361837248e-09  -2.15e-08  1.99e-07    9.669464e-03

After 3 iterations the fit converged.
final sum of squares of residuals : 8.23618e-09
rel. change during last iteration : -2.14926e-13

degrees of freedom    (FIT_NDF)                        : 369
rms of residuals      (FIT_STDFIT) = sqrt(WSSR/ndf)    : 4.72443e-06
variance of residuals (reduced chisquare) = WSSR/ndf   : 2.23203e-11

Final set of parameters            Asymptotic Standard Error
=======================            ==========================
a               = 0.00966946       +/- 1.038e-05    (0.1073%)


*******************************************************************************
Sat Jul 28 14:40:33 2018


FIT:    data read from ocum u ($1*0.5):(($0+1)/A)
        format = x:z
        x range restricted to [5.00000 : 20.0000]
        #datapoints = 387
        residuals are weighted equally (unit weight)

function used for fitting: y(x)
	y(x) = a * x**p
fitted parameters initialized with current variable values

   3 1.1101146243e-08  -2.27e-08  2.00e-07    1.000455e-02

After 3 iterations the fit converged.
final sum of squares of residuals : 1.11011e-08
rel. change during last iteration : -2.2652e-13

degrees of freedom    (FIT_NDF)                        : 386
rms of residuals      (FIT_STDFIT) = sqrt(WSSR/ndf)    : 5.36278e-06
variance of residuals (reduced chisquare) = WSSR/ndf   : 2.87594e-11

Final set of parameters            Asymptotic Standard Error
=======================            ==========================
a               = 0.0100046        +/- 1.143e-05    (0.1142%)


*******************************************************************************
Sat Jul 28 14:40:33 2018


FIT:    data read from ocum u ($1*0.5):(($0+1)/A)
        format = x:z
        x range restricted to [5.00000 : 20.0000]
        #datapoints = 400
        residuals are weighted equally (unit weight)

function used for fitting: y(x)
	y(x) = a * x**p
fitted parameters initialized with current variable values

   3 1.7093416696e-08  -2.05e-08  1.99e-07    1.040714e-02

After 3 iterations the fit converged.
final sum of squares of residuals : 1.70934e-08
rel. change during last iteration : -2.05181e-13

degrees of freedom    (FIT_NDF)                        : 399
rms of residuals      (FIT_STDFIT) = sqrt(WSSR/ndf)    : 6.54528e-06
variance of residuals (reduced chisquare) = WSSR/ndf   : 4.28406e-11

Final set of parameters            Asymptotic Standard Error
=======================            ==========================
a               = 0.0104071        +/- 1.384e-05    (0.1329%)


*******************************************************************************
Sat Jul 28 14:40:34 2018


FIT:    data read from ocum u ($1*0.5):(($0+1)/A)
        format = x:z
        x range restricted to [5.00000 : 20.0000]
        #datapoints = 403
        residuals are weighted equally (unit weight)

function used for fitting: y(x)
	y(x) = a * x**p
fitted parameters initialized with current variable values

   3 1.2237381333e-08  -2.78e-08  2.01e-07    1.037334e-02

After 3 iterations the fit converged.
final sum of squares of residuals : 1.22374e-08
rel. change during last iteration : -2.78219e-13

degrees of freedom    (FIT_NDF)                        : 402
rms of residuals      (FIT_STDFIT) = sqrt(WSSR/ndf)    : 5.51736e-06
variance of residuals (reduced chisquare) = WSSR/ndf   : 3.04412e-11

Final set of parameters            Asymptotic Standard Error
=======================            ==========================
a               = 0.0103733        +/- 1.146e-05    (0.1105%)


*******************************************************************************
Sat Jul 28 14:40:34 2018


FIT:    data read from ocum u ($1*0.5):(($0+1)/A)
        format = x:z
        x range restricted to [5.00000 : 20.0000]
        #datapoints = 391
        residuals are weighted equally (unit weight)

function used for fitting: y(x)
	y(x) = a * x**p
fitted parameters initialized with current variable values

   3 8.7212663578e-09  -3.75e-08  1.99e-07    1.026755e-02

After 3 iterations the fit converged.
final sum of squares of residuals : 8.72127e-09
rel. change during last iteration : -3.75212e-13

degrees of freedom    (FIT_NDF)                        : 390
rms of residuals      (FIT_STDFIT) = sqrt(WSSR/ndf)    : 4.72887e-06
variance of residuals (reduced chisquare) = WSSR/ndf   : 2.23622e-11

Final set of parameters            Asymptotic Standard Error
=======================            ==========================
a               = 0.0102676        +/- 1.008e-05    (0.09815%)


*******************************************************************************
Sat Jul 28 14:40:35 2018


FIT:    data read from ocum u ($1*0.5):(($0+1)/A)
        format = x:z
        x range restricted to [5.00000 : 20.0000]
        #datapoints = 411
        residuals are weighted equally (unit weight)

function used for fitting: y(x)
	y(x) = a * x**p
fitted parameters initialized with current variable values

   3 1.1427013230e-08  -3.94e-08  1.99e-07    1.076472e-02

After 3 iterations the fit converged.
final sum of squares of residuals : 1.1427e-08
rel. change during last iteration : -3.94226e-13

degrees of freedom    (FIT_NDF)                        : 410
rms of residuals      (FIT_STDFIT) = sqrt(WSSR/ndf)    : 5.27928e-06
variance of residuals (reduced chisquare) = WSSR/ndf   : 2.78708e-11

Final set of parameters            Asymptotic Standard Error
=======================            ==========================
a               = 0.0107647        +/- 1.098e-05    (0.102%)


*******************************************************************************
Sat Jul 28 14:40:36 2018


FIT:    data read from ocum u ($1*0.5):(($0+1)/A)
        format = x:z
        x range restricted to [5.00000 : 20.0000]
        #datapoints = 425
        residuals are weighted equally (unit weight)

function used for fitting: y(x)
	y(x) = a * x**p
fitted parameters initialized with current variable values

   3 2.0633600105e-08  -2.48e-08  2.00e-07    1.103650e-02

After 3 iterations the fit converged.
final sum of squares of residuals : 2.06336e-08
rel. change during last iteration : -2.48392e-13

degrees of freedom    (FIT_NDF)                        : 424
rms of residuals      (FIT_STDFIT) = sqrt(WSSR/ndf)    : 6.97597e-06
variance of residuals (reduced chisquare) = WSSR/ndf   : 4.86642e-11

Final set of parameters            Asymptotic Standard Error
=======================            ==========================
a               = 0.0110365        +/- 1.419e-05    (0.1285%)


*******************************************************************************
Sat Jul 28 14:40:36 2018


FIT:    data read from ocum u ($1*0.5):(($0+1)/A)
        format = x:z
        x range restricted to [5.00000 : 20.0000]
        #datapoints = 417
        residuals are weighted equally (unit weight)

function used for fitting: y(x)
	y(x) = a * x**p
fitted parameters initialized with current variable values

   3 1.3327811383e-08  -3.54e-08  2.01e-07    1.085158e-02

After 3 iterations the fit converged.
final sum of squares of residuals : 1.33278e-08
rel. change during last iteration : -3.54139e-13

degrees of freedom    (FIT_NDF)                        : 416
rms of residuals      (FIT_STDFIT) = sqrt(WSSR/ndf)    : 5.66021e-06
variance of residuals (reduced chisquare) = WSSR/ndf   : 3.2038e-11

Final set of parameters            Asymptotic Standard Error
=======================            ==========================
a               = 0.0108516        +/- 1.159e-05    (0.1068%)


*******************************************************************************
Sat Jul 28 14:40:37 2018


FIT:    data read from ocum u ($1*0.5):(($0+1)/A)
        format = x:z
        x range restricted to [5.00000 : 20.0000]
        #datapoints = 422
        residuals are weighted equally (unit weight)

function used for fitting: y(x)
	y(x) = a * x**p
fitted parameters initialized with current variable values

   3 1.2367660145e-08  -4.15e-08  2.01e-07    1.099989e-02

After 3 iterations the fit converged.
final sum of squares of residuals : 1.23677e-08
rel. change during last iteration : -4.14538e-13

degrees of freedom    (FIT_NDF)                        : 421
rms of residuals      (FIT_STDFIT) = sqrt(WSSR/ndf)    : 5.42004e-06
variance of residuals (reduced chisquare) = WSSR/ndf   : 2.93769e-11

Final set of parameters            Asymptotic Standard Error
=======================            ==========================
a               = 0.0109999        +/- 1.102e-05    (0.1002%)


*******************************************************************************
Sat Jul 28 14:40:38 2018


FIT:    data read from ocum u ($1*0.5):(($0+1)/A)
        format = x:z
        x range restricted to [5.00000 : 20.0000]
        #datapoints = 428
        residuals are weighted equally (unit weight)

function used for fitting: y(x)
	y(x) = a * x**p
fitted parameters initialized with current variable values

   3 1.4522487750e-08  -3.89e-08  2.00e-07    1.120086e-02

After 3 iterations the fit converged.
final sum of squares of residuals : 1.45225e-08
rel. change during last iteration : -3.89255e-13

degrees of freedom    (FIT_NDF)                        : 427
rms of residuals      (FIT_STDFIT) = sqrt(WSSR/ndf)    : 5.83185e-06
variance of residuals (reduced chisquare) = WSSR/ndf   : 3.40105e-11

Final set of parameters            Asymptotic Standard Error
=======================            ==========================
a               = 0.0112009        +/- 1.184e-05    (0.1057%)


*******************************************************************************
Sat Jul 28 14:40:38 2018


FIT:    data read from ocum u ($1*0.5):(($0+1)/A)
        format = x:z
        x range restricted to [5.00000 : 20.0000]
        #datapoints = 404
        residuals are weighted equally (unit weight)

function used for fitting: y(x)
	y(x) = a * x**p
fitted parameters initialized with current variable values

   3 7.1955130481e-09  -6.61e-08  1.99e-07    1.077462e-02

After 3 iterations the fit converged.
final sum of squares of residuals : 7.19551e-09
rel. change during last iteration : -6.60893e-13

degrees of freedom    (FIT_NDF)                        : 403
rms of residuals      (FIT_STDFIT) = sqrt(WSSR/ndf)    : 4.2255e-06
variance of residuals (reduced chisquare) = WSSR/ndf   : 1.78549e-11

Final set of parameters            Asymptotic Standard Error
=======================            ==========================
a               = 0.0107746        +/- 8.892e-06    (0.08253%)


*******************************************************************************
Sat Jul 28 14:40:39 2018


FIT:    data read from ocum u ($1*0.5):(($0+1)/A)
        format = x:z
        x range restricted to [5.00000 : 20.0000]
        #datapoints = 414
        residuals are weighted equally (unit weight)

function used for fitting: y(x)
	y(x) = a * x**p
fitted parameters initialized with current variable values

   3 1.1366887206e-08  -4.69e-08  1.99e-07    1.100617e-02

After 3 iterations the fit converged.
final sum of squares of residuals : 1.13669e-08
rel. change during last iteration : -4.69082e-13

degrees of freedom    (FIT_NDF)                        : 413
rms of residuals      (FIT_STDFIT) = sqrt(WSSR/ndf)    : 5.24621e-06
variance of residuals (reduced chisquare) = WSSR/ndf   : 2.75227e-11

Final set of parameters            Asymptotic Standard Error
=======================            ==========================
a               = 0.0110062        +/- 1.089e-05    (0.09899%)


*******************************************************************************
Sat Jul 28 14:40:40 2018


FIT:    data read from ocum u ($1*0.5):(($0+1)/A)
        format = x:z
        x range restricted to [5.00000 : 20.0000]
        #datapoints = 406
        residuals are weighted equally (unit weight)

function used for fitting: y(x)
	y(x) = a * x**p
fitted parameters initialized with current variable values

   3 2.0255015217e-08  -2.44e-08  2.00e-07    1.081837e-02

After 3 iterations the fit converged.
final sum of squares of residuals : 2.0255e-08
rel. change during last iteration : -2.4356e-13

degrees of freedom    (FIT_NDF)                        : 405
rms of residuals      (FIT_STDFIT) = sqrt(WSSR/ndf)    : 7.07194e-06
variance of residuals (reduced chisquare) = WSSR/ndf   : 5.00124e-11

Final set of parameters            Asymptotic Standard Error
=======================            ==========================
a               = 0.0108184        +/- 1.474e-05    (0.1362%)


*******************************************************************************
Sat Jul 28 14:40:40 2018


FIT:    data read from ocum u ($1*0.5):(($0+1)/A)
        format = x:z
        x range restricted to [5.00000 : 20.0000]
        #datapoints = 384
        residuals are weighted equally (unit weight)

function used for fitting: y(x)
	y(x) = a * x**p
fitted parameters initialized with current variable values

   3 8.7623977458e-09  -5.16e-08  1.95e-07    1.058374e-02

After 3 iterations the fit converged.
final sum of squares of residuals : 8.7624e-09
rel. change during last iteration : -5.16186e-13

degrees of freedom    (FIT_NDF)                        : 383
rms of residuals      (FIT_STDFIT) = sqrt(WSSR/ndf)    : 4.78313e-06
variance of residuals (reduced chisquare) = WSSR/ndf   : 2.28783e-11

Final set of parameters            Asymptotic Standard Error
=======================            ==========================
a               = 0.0105837        +/- 1.051e-05    (0.09928%)


*******************************************************************************
Sat Jul 28 14:40:41 2018


FIT:    data read from ocum u ($1*0.5):(($0+1)/A)
        format = x:z
        x range restricted to [5.00000 : 20.0000]
        #datapoints = 395
        residuals are weighted equally (unit weight)

function used for fitting: y(x)
	y(x) = a * x**p
fitted parameters initialized with current variable values

   3 1.0226575905e-08  -5.18e-08  1.95e-07    1.086820e-02

After 3 iterations the fit converged.
final sum of squares of residuals : 1.02266e-08
rel. change during last iteration : -5.17667e-13

degrees of freedom    (FIT_NDF)                        : 394
rms of residuals      (FIT_STDFIT) = sqrt(WSSR/ndf)    : 5.09468e-06
variance of residuals (reduced chisquare) = WSSR/ndf   : 2.59558e-11

Final set of parameters            Asymptotic Standard Error
=======================            ==========================
a               = 0.0108682        +/- 1.105e-05    (0.1016%)


*******************************************************************************
Sat Jul 28 14:40:42 2018


FIT:    data read from ocum u ($1*0.5):(($0+1)/A)
        format = x:z
        x range restricted to [5.00000 : 20.0000]
        #datapoints = 381
        residuals are weighted equally (unit weight)

function used for fitting: y(x)
	y(x) = a * x**p
fitted parameters initialized with current variable values

   3 1.0475831415e-08  -4.68e-08  1.94e-07    1.066478e-02

After 3 iterations the fit converged.
final sum of squares of residuals : 1.04758e-08
rel. change during last iteration : -4.6808e-13

degrees of freedom    (FIT_NDF)                        : 380
rms of residuals      (FIT_STDFIT) = sqrt(WSSR/ndf)    : 5.25052e-06
variance of residuals (reduced chisquare) = WSSR/ndf   : 2.7568e-11

Final set of parameters            Asymptotic Standard Error
=======================            ==========================
a               = 0.0106648        +/- 1.167e-05    (0.1094%)


*******************************************************************************
Sat Jul 28 14:40:42 2018


FIT:    data read from ocum u ($1*0.5):(($0+1)/A)
        format = x:z
        x range restricted to [5.00000 : 20.0000]
        #datapoints = 320
        residuals are weighted equally (unit weight)

function used for fitting: y(x)
	y(x) = a * x**p
fitted parameters initialized with current variable values

   3 7.7830880276e-09  -1.24e-08  1.94e-07    9.171069e-03

After 3 iterations the fit converged.
final sum of squares of residuals : 7.78309e-09
rel. change during last iteration : -1.23709e-13

degrees of freedom    (FIT_NDF)                        : 319
rms of residuals      (FIT_STDFIT) = sqrt(WSSR/ndf)    : 4.93947e-06
variance of residuals (reduced chisquare) = WSSR/ndf   : 2.43984e-11

Final set of parameters            Asymptotic Standard Error
=======================            ==========================
a               = 0.00917107       +/- 1.196e-05    (0.1305%)


*******************************************************************************
Sat Jul 28 14:40:43 2018


FIT:    data read from ocum u ($1*0.5):(($0+1)/A)
        format = x:z
        x range restricted to [5.00000 : 20.0000]
        #datapoints = 332
        residuals are weighted equally (unit weight)

function used for fitting: y(x)
	y(x) = a * x**p
fitted parameters initialized with current variable values

   3 1.0780623789e-08  -1.63e-08  1.94e-07    9.501952e-03

After 3 iterations the fit converged.
final sum of squares of residuals : 1.07806e-08
rel. change during last iteration : -1.62664e-13

degrees of freedom    (FIT_NDF)                        : 331
rms of residuals      (FIT_STDFIT) = sqrt(WSSR/ndf)    : 5.707e-06
variance of residuals (reduced chisquare) = WSSR/ndf   : 3.25699e-11

Final set of parameters            Asymptotic Standard Error
=======================            ==========================
a               = 0.00950195       +/- 1.356e-05    (0.1427%)


*******************************************************************************
Sat Jul 28 14:40:43 2018


FIT:    data read from ocum u ($1*0.5):(($0+1)/A)
        format = x:z
        x range restricted to [5.00000 : 20.0000]
        #datapoints = 342
        residuals are weighted equally (unit weight)

function used for fitting: y(x)
	y(x) = a * x**p
fitted parameters initialized with current variable values

   3 1.1145445300e-08  -2.03e-08  1.95e-07    9.698969e-03

After 3 iterations the fit converged.
final sum of squares of residuals : 1.11454e-08
rel. change during last iteration : -2.03057e-13

degrees of freedom    (FIT_NDF)                        : 341
rms of residuals      (FIT_STDFIT) = sqrt(WSSR/ndf)    : 5.71704e-06
variance of residuals (reduced chisquare) = WSSR/ndf   : 3.26846e-11

Final set of parameters            Asymptotic Standard Error
=======================            ==========================
a               = 0.00969897       +/- 1.331e-05    (0.1373%)


*******************************************************************************
Sat Jul 28 14:40:44 2018


FIT:    data read from ocum u ($1*0.5):(($0+1)/A)
        format = x:z
        x range restricted to [5.00000 : 20.0000]
        #datapoints = 278
        residuals are weighted equally (unit weight)

function used for fitting: y(x)
	y(x) = a * x**p
fitted parameters initialized with current variable values

   2 1.5324542832e-08  -1.00e-01  1.93e-06    8.309815e-03

After 2 iterations the fit converged.
final sum of squares of residuals : 1.53245e-08
rel. change during last iteration : -1.00156e-06

degrees of freedom    (FIT_NDF)                        : 277
rms of residuals      (FIT_STDFIT) = sqrt(WSSR/ndf)    : 7.43796e-06
variance of residuals (reduced chisquare) = WSSR/ndf   : 5.53233e-11

Final set of parameters            Asymptotic Standard Error
=======================            ==========================
a               = 0.00830982       +/- 1.941e-05    (0.2335%)


*******************************************************************************
Sat Jul 28 14:40:45 2018


FIT:    data read from ocum u ($1*0.5):(($0+1)/A)
        format = x:z
        x range restricted to [5.00000 : 20.0000]
        #datapoints = 294
        residuals are weighted equally (unit weight)

function used for fitting: y(x)
	y(x) = a * x**p
fitted parameters initialized with current variable values

   2 1.3707076327e-08  -9.71e-01  1.94e-06    8.671874e-03

After 2 iterations the fit converged.
final sum of squares of residuals : 1.37071e-08
rel. change during last iteration : -9.71398e-06

degrees of freedom    (FIT_NDF)                        : 293
rms of residuals      (FIT_STDFIT) = sqrt(WSSR/ndf)    : 6.83972e-06
variance of residuals (reduced chisquare) = WSSR/ndf   : 4.67818e-11

Final set of parameters            Asymptotic Standard Error
=======================            ==========================
a               = 0.00867187       +/- 1.727e-05    (0.1992%)


*******************************************************************************
Sat Jul 28 14:40:45 2018


FIT:    data read from ocum u ($1*0.5):(($0+1)/A)
        format = x:z
        x range restricted to [5.00000 : 20.0000]
        #datapoints = 318
        residuals are weighted equally (unit weight)

function used for fitting: y(x)
	y(x) = a * x**p
fitted parameters initialized with current variable values

   3 8.9120397120e-09  -1.00e-08  1.97e-07    9.124477e-03

After 3 iterations the fit converged.
final sum of squares of residuals : 8.91204e-09
rel. change during last iteration : -1.00427e-13

degrees of freedom    (FIT_NDF)                        : 317
rms of residuals      (FIT_STDFIT) = sqrt(WSSR/ndf)    : 5.30223e-06
variance of residuals (reduced chisquare) = WSSR/ndf   : 2.81137e-11

Final set of parameters            Asymptotic Standard Error
=======================            ==========================
a               = 0.00912448       +/- 1.267e-05    (0.1389%)


*******************************************************************************
Sat Jul 28 14:40:46 2018


FIT:    data read from ocum u ($1*0.5):(($0+1)/A)
        format = x:z
        x range restricted to [5.00000 : 20.0000]
        #datapoints = 324
        residuals are weighted equally (unit weight)

function used for fitting: y(x)
	y(x) = a * x**p
fitted parameters initialized with current variable values

   3 7.7962921443e-09  -1.13e-08  1.99e-07    9.133144e-03

After 3 iterations the fit converged.
final sum of squares of residuals : 7.79629e-09
rel. change during last iteration : -1.13314e-13

degrees of freedom    (FIT_NDF)                        : 323
rms of residuals      (FIT_STDFIT) = sqrt(WSSR/ndf)    : 4.91296e-06
variance of residuals (reduced chisquare) = WSSR/ndf   : 2.41371e-11

Final set of parameters            Asymptotic Standard Error
=======================            ==========================
a               = 0.00913314       +/- 1.151e-05    (0.126%)


*******************************************************************************
Sat Jul 28 14:40:46 2018


FIT:    data read from ocum u ($1*0.5):(($0+1)/A)
        format = x:z
        x range restricted to [5.00000 : 20.0000]
        #datapoints = 347
        residuals are weighted equally (unit weight)

function used for fitting: y(x)
	y(x) = a * x**p
fitted parameters initialized with current variable values

   3 8.2141020536e-09  -1.82e-08  2.05e-07    9.427933e-03

After 3 iterations the fit converged.
final sum of squares of residuals : 8.2141e-09
rel. change during last iteration : -1.81869e-13

degrees of freedom    (FIT_NDF)                        : 346
rms of residuals      (FIT_STDFIT) = sqrt(WSSR/ndf)    : 4.87239e-06
variance of residuals (reduced chisquare) = WSSR/ndf   : 2.37402e-11

Final set of parameters            Asymptotic Standard Error
=======================            ==========================
a               = 0.00942793       +/- 1.073e-05    (0.1138%)


*******************************************************************************
Sat Jul 28 14:40:47 2018


FIT:    data read from ocum u ($1*0.5):(($0+1)/A)
        format = x:z
        x range restricted to [5.00000 : 20.0000]
        #datapoints = 323
        residuals are weighted equally (unit weight)

function used for fitting: y(x)
	y(x) = a * x**p
fitted parameters initialized with current variable values

   3 5.7717022516e-09  -9.17e-09  2.04e-07    8.953326e-03

After 3 iterations the fit converged.
final sum of squares of residuals : 5.7717e-09
rel. change during last iteration : -9.17226e-14

degrees of freedom    (FIT_NDF)                        : 322
rms of residuals      (FIT_STDFIT) = sqrt(WSSR/ndf)    : 4.23374e-06
variance of residuals (reduced chisquare) = WSSR/ndf   : 1.79245e-11

Final set of parameters            Asymptotic Standard Error
=======================            ==========================
a               = 0.00895333       +/- 9.719e-06    (0.1086%)


*******************************************************************************
Sat Jul 28 14:40:48 2018


FIT:    data read from ocum u ($1*0.5):(($0+1)/A)
        format = x:z
        x range restricted to [5.00000 : 20.0000]
        #datapoints = 346
        residuals are weighted equally (unit weight)

function used for fitting: y(x)
	y(x) = a * x**p
fitted parameters initialized with current variable values

   3 5.7236008700e-09  -2.91e-08  2.04e-07    9.485257e-03

After 3 iterations the fit converged.
final sum of squares of residuals : 5.7236e-09
rel. change during last iteration : -2.90776e-13

degrees of freedom    (FIT_NDF)                        : 345
rms of residuals      (FIT_STDFIT) = sqrt(WSSR/ndf)    : 4.0731e-06
variance of residuals (reduced chisquare) = WSSR/ndf   : 1.65901e-11

Final set of parameters            Asymptotic Standard Error
=======================            ==========================
a               = 0.00948526       +/- 9.021e-06    (0.0951%)


*******************************************************************************
Sat Jul 28 14:40:48 2018


FIT:    data read from ocum u ($1*0.5):(($0+1)/A)
        format = x:z
        x range restricted to [5.00000 : 20.0000]
        #datapoints = 349
        residuals are weighted equally (unit weight)

function used for fitting: y(x)
	y(x) = a * x**p
fitted parameters initialized with current variable values

   3 5.4104448455e-09  -3.45e-08  2.04e-07    9.564294e-03

After 3 iterations the fit converged.
final sum of squares of residuals : 5.41044e-09
rel. change during last iteration : -3.44605e-13

degrees of freedom    (FIT_NDF)                        : 348
rms of residuals      (FIT_STDFIT) = sqrt(WSSR/ndf)    : 3.943e-06
variance of residuals (reduced chisquare) = WSSR/ndf   : 1.55473e-11

Final set of parameters            Asymptotic Standard Error
=======================            ==========================
a               = 0.00956429       +/- 8.702e-06    (0.09098%)


*******************************************************************************
Sat Jul 28 14:40:49 2018


FIT:    data read from ocum u ($1*0.5):(($0+1)/A)
        format = x:z
        x range restricted to [5.00000 : 20.0000]
        #datapoints = 361
        residuals are weighted equally (unit weight)

function used for fitting: y(x)
	y(x) = a * x**p
fitted parameters initialized with current variable values

   3 1.1471132790e-08  -1.84e-08  2.07e-07    9.677519e-03

After 3 iterations the fit converged.
final sum of squares of residuals : 1.14711e-08
rel. change during last iteration : -1.83591e-13

degrees of freedom    (FIT_NDF)                        : 360
rms of residuals      (FIT_STDFIT) = sqrt(WSSR/ndf)    : 5.64484e-06
variance of residuals (reduced chisquare) = WSSR/ndf   : 3.18643e-11

Final set of parameters            Asymptotic Standard Error
=======================            ==========================
a               = 0.00967752       +/- 1.204e-05    (0.1244%)


*******************************************************************************
Sat Jul 28 14:40:50 2018


FIT:    data read from ocum u ($1*0.5):(($0+1)/A)
        format = x:z
        x range restricted to [5.00000 : 20.0000]
        #datapoints = 365
        residuals are weighted equally (unit weight)

function used for fitting: y(x)
	y(x) = a * x**p
fitted parameters initialized with current variable values

   3 1.0532855644e-08  -2.19e-08  2.08e-07    9.759810e-03

After 3 iterations the fit converged.
final sum of squares of residuals : 1.05329e-08
rel. change during last iteration : -2.19108e-13

degrees of freedom    (FIT_NDF)                        : 364
rms of residuals      (FIT_STDFIT) = sqrt(WSSR/ndf)    : 5.37926e-06
variance of residuals (reduced chisquare) = WSSR/ndf   : 2.89364e-11

Final set of parameters            Asymptotic Standard Error
=======================            ==========================
a               = 0.00975981       +/- 1.139e-05    (0.1167%)


*******************************************************************************
Sat Jul 28 14:40:50 2018


FIT:    data read from ocum u ($1*0.5):(($0+1)/A)
        format = x:z
        x range restricted to [5.00000 : 20.0000]
        #datapoints = 383
        residuals are weighted equally (unit weight)

function used for fitting: y(x)
	y(x) = a * x**p
fitted parameters initialized with current variable values

   3 1.8245406120e-08  -1.73e-08  2.09e-07    1.009242e-02

After 3 iterations the fit converged.
final sum of squares of residuals : 1.82454e-08
rel. change during last iteration : -1.72641e-13

degrees of freedom    (FIT_NDF)                        : 382
rms of residuals      (FIT_STDFIT) = sqrt(WSSR/ndf)    : 6.91107e-06
variance of residuals (reduced chisquare) = WSSR/ndf   : 4.77628e-11

Final set of parameters            Asymptotic Standard Error
=======================            ==========================
a               = 0.0100924        +/- 1.417e-05    (0.1404%)


*******************************************************************************
Sat Jul 28 14:40:51 2018


FIT:    data read from ocum u ($1*0.5):(($0+1)/A)
        format = x:z
        x range restricted to [5.00000 : 20.0000]
        #datapoints = 318
        residuals are weighted equally (unit weight)

function used for fitting: y(x)
	y(x) = a * x**p
fitted parameters initialized with current variable values

   3 7.6543164492e-09  -6.61e-09  2.02e-07    8.932055e-03

After 3 iterations the fit converged.
final sum of squares of residuals : 7.65432e-09
rel. change during last iteration : -6.61371e-14

degrees of freedom    (FIT_NDF)                        : 317
rms of residuals      (FIT_STDFIT) = sqrt(WSSR/ndf)    : 4.91387e-06
variance of residuals (reduced chisquare) = WSSR/ndf   : 2.41461e-11

Final set of parameters            Asymptotic Standard Error
=======================            ==========================
a               = 0.00893206       +/- 1.145e-05    (0.1282%)


*******************************************************************************
Sat Jul 28 14:40:51 2018


FIT:    data read from ocum u ($1*0.5):(($0+1)/A)
        format = x:z
        x range restricted to [5.00000 : 20.0000]
        #datapoints = 333
        residuals are weighted equally (unit weight)

function used for fitting: y(x)
	y(x) = a * x**p
fitted parameters initialized with current variable values

   3 6.7538283011e-09  -2.45e-08  1.98e-07    9.452844e-03

After 3 iterations the fit converged.
final sum of squares of residuals : 6.75383e-09
rel. change during last iteration : -2.45319e-13

degrees of freedom    (FIT_NDF)                        : 332
rms of residuals      (FIT_STDFIT) = sqrt(WSSR/ndf)    : 4.51031e-06
variance of residuals (reduced chisquare) = WSSR/ndf   : 2.03429e-11

Final set of parameters            Asymptotic Standard Error
=======================            ==========================
a               = 0.00945284       +/- 1.049e-05    (0.111%)


*******************************************************************************
Sat Jul 28 14:40:52 2018


FIT:    data read from ocum u ($1*0.5):(($0+1)/A)
        format = x:z
        x range restricted to [5.00000 : 20.0000]
        #datapoints = 345
        residuals are weighted equally (unit weight)

function used for fitting: y(x)
	y(x) = a * x**p
fitted parameters initialized with current variable values

   3 1.1427892815e-08  -2.69e-08  1.94e-07    9.940391e-03

After 3 iterations the fit converged.
final sum of squares of residuals : 1.14279e-08
rel. change during last iteration : -2.68539e-13

degrees of freedom    (FIT_NDF)                        : 344
rms of residuals      (FIT_STDFIT) = sqrt(WSSR/ndf)    : 5.76373e-06
variance of residuals (reduced chisquare) = WSSR/ndf   : 3.32206e-11

Final set of parameters            Asymptotic Standard Error
=======================            ==========================
a               = 0.00994039       +/- 1.343e-05    (0.1351%)


*******************************************************************************
Sat Jul 28 14:40:53 2018


FIT:    data read from ocum u ($1*0.5):(($0+1)/A)
        format = x:z
        x range restricted to [5.00000 : 20.0000]
        #datapoints = 350
        residuals are weighted equally (unit weight)

function used for fitting: y(x)
	y(x) = a * x**p
fitted parameters initialized with current variable values

   3 1.5236291740e-08  -2.46e-08  1.92e-07    1.015562e-02

After 3 iterations the fit converged.
final sum of squares of residuals : 1.52363e-08
rel. change during last iteration : -2.45609e-13

degrees of freedom    (FIT_NDF)                        : 349
rms of residuals      (FIT_STDFIT) = sqrt(WSSR/ndf)    : 6.60734e-06
variance of residuals (reduced chisquare) = WSSR/ndf   : 4.3657e-11

Final set of parameters            Asymptotic Standard Error
=======================            ==========================
a               = 0.0101556        +/- 1.543e-05    (0.1519%)


*******************************************************************************
Sat Jul 28 14:40:53 2018


FIT:    data read from ocum u ($1*0.5):(($0+1)/A)
        format = x:z
        x range restricted to [5.00000 : 20.0000]
        #datapoints = 258
        residuals are weighted equally (unit weight)

function used for fitting: y(x)
	y(x) = a * x**p
fitted parameters initialized with current variable values

   2 2.5346567070e-08  -8.67e-01  1.84e-06    8.055332e-03

After 2 iterations the fit converged.
final sum of squares of residuals : 2.53466e-08
rel. change during last iteration : -8.66994e-06

degrees of freedom    (FIT_NDF)                        : 257
rms of residuals      (FIT_STDFIT) = sqrt(WSSR/ndf)    : 9.931e-06
variance of residuals (reduced chisquare) = WSSR/ndf   : 9.86248e-11

Final set of parameters            Asymptotic Standard Error
=======================            ==========================
a               = 0.00805533       +/- 2.819e-05    (0.35%)


*******************************************************************************
Sat Jul 28 14:40:54 2018


FIT:    data read from ocum u ($1*0.5):(($0+1)/A)
        format = x:z
        x range restricted to [5.00000 : 20.0000]
        #datapoints = 264
        residuals are weighted equally (unit weight)

function used for fitting: y(x)
	y(x) = a * x**p
fitted parameters initialized with current variable values

   2 2.4843354367e-08  -1.72e-01  1.83e-06    8.245726e-03

After 2 iterations the fit converged.
final sum of squares of residuals : 2.48434e-08
rel. change during last iteration : -1.71867e-06

degrees of freedom    (FIT_NDF)                        : 263
rms of residuals      (FIT_STDFIT) = sqrt(WSSR/ndf)    : 9.71913e-06
variance of residuals (reduced chisquare) = WSSR/ndf   : 9.44614e-11

Final set of parameters            Asymptotic Standard Error
=======================            ==========================
a               = 0.00824573       +/- 2.738e-05    (0.3321%)


*******************************************************************************
Sat Jul 28 14:40:55 2018


FIT:    data read from ocum u ($1*0.5):(($0+1)/A)
        format = x:z
        x range restricted to [5.00000 : 20.0000]
        #datapoints = 284
        residuals are weighted equally (unit weight)

function used for fitting: y(x)
	y(x) = a * x**p
fitted parameters initialized with current variable values

   2 2.2928180245e-08  -6.53e-02  1.90e-06    8.491702e-03

After 2 iterations the fit converged.
final sum of squares of residuals : 2.29282e-08
rel. change during last iteration : -6.53426e-07

degrees of freedom    (FIT_NDF)                        : 283
rms of residuals      (FIT_STDFIT) = sqrt(WSSR/ndf)    : 9.00102e-06
variance of residuals (reduced chisquare) = WSSR/ndf   : 8.10183e-11

Final set of parameters            Asymptotic Standard Error
=======================            ==========================
a               = 0.0084917        +/- 2.366e-05    (0.2786%)


*******************************************************************************
Sat Jul 28 14:40:55 2018


FIT:    data read from ocum u ($1*0.5):(($0+1)/A)
        format = x:z
        x range restricted to [5.00000 : 20.0000]
        #datapoints = 278
        residuals are weighted equally (unit weight)

function used for fitting: y(x)
	y(x) = a * x**p
fitted parameters initialized with current variable values

   2 3.5375456701e-08  -3.18e-03  1.90e-06    8.375249e-03

After 2 iterations the fit converged.
final sum of squares of residuals : 3.53755e-08
rel. change during last iteration : -3.18028e-08

degrees of freedom    (FIT_NDF)                        : 277
rms of residuals      (FIT_STDFIT) = sqrt(WSSR/ndf)    : 1.13009e-05
variance of residuals (reduced chisquare) = WSSR/ndf   : 1.27709e-10

Final set of parameters            Asymptotic Standard Error
=======================            ==========================
a               = 0.00837525       +/- 2.989e-05    (0.3569%)


*******************************************************************************
Sat Jul 28 14:40:56 2018


FIT:    data read from ocum u ($1*0.5):(($0+1)/A)
        format = x:z
        x range restricted to [5.00000 : 20.0000]
        #datapoints = 293
        residuals are weighted equally (unit weight)

function used for fitting: y(x)
	y(x) = a * x**p
fitted parameters initialized with current variable values

   2 2.6338985441e-08  -8.52e-01  1.90e-06    8.760356e-03

After 2 iterations the fit converged.
final sum of squares of residuals : 2.6339e-08
rel. change during last iteration : -8.51586e-06

degrees of freedom    (FIT_NDF)                        : 292
rms of residuals      (FIT_STDFIT) = sqrt(WSSR/ndf)    : 9.49747e-06
variance of residuals (reduced chisquare) = WSSR/ndf   : 9.0202e-11

Final set of parameters            Asymptotic Standard Error
=======================            ==========================
a               = 0.00876036       +/- 2.458e-05    (0.2806%)


*******************************************************************************
Sat Jul 28 14:40:56 2018


FIT:    data read from ocum u ($1*0.5):(($0+1)/A)
        format = x:z
        x range restricted to [5.00000 : 20.0000]
        #datapoints = 314
        residuals are weighted equally (unit weight)

function used for fitting: y(x)
	y(x) = a * x**p
fitted parameters initialized with current variable values

   3 2.4676120334e-08  -4.29e-09  1.91e-07    9.202653e-03

After 3 iterations the fit converged.
final sum of squares of residuals : 2.46761e-08
rel. change during last iteration : -4.29075e-14

degrees of freedom    (FIT_NDF)                        : 313
rms of residuals      (FIT_STDFIT) = sqrt(WSSR/ndf)    : 8.87905e-06
variance of residuals (reduced chisquare) = WSSR/ndf   : 7.88374e-11

Final set of parameters            Asymptotic Standard Error
=======================            ==========================
a               = 0.00920265       +/- 2.207e-05    (0.2398%)


*******************************************************************************
Sat Jul 28 14:40:57 2018


FIT:    data read from ocum u ($1*0.5):(($0+1)/A)
        format = x:z
        x range restricted to [5.00000 : 20.0000]
        #datapoints = 328
        residuals are weighted equally (unit weight)

function used for fitting: y(x)
	y(x) = a * x**p
fitted parameters initialized with current variable values

   3 1.5576880607e-08  -1.03e-08  1.93e-07    9.437963e-03

After 3 iterations the fit converged.
final sum of squares of residuals : 1.55769e-08
rel. change during last iteration : -1.0302e-13

degrees of freedom    (FIT_NDF)                        : 327
rms of residuals      (FIT_STDFIT) = sqrt(WSSR/ndf)    : 6.90186e-06
variance of residuals (reduced chisquare) = WSSR/ndf   : 4.76357e-11

Final set of parameters            Asymptotic Standard Error
=======================            ==========================
a               = 0.00943796       +/- 1.657e-05    (0.1755%)


*******************************************************************************
Sat Jul 28 14:40:58 2018


FIT:    data read from ocum u ($1*0.5):(($0+1)/A)
        format = x:z
        x range restricted to [5.00000 : 20.0000]
        #datapoints = 333
        residuals are weighted equally (unit weight)

function used for fitting: y(x)
	y(x) = a * x**p
fitted parameters initialized with current variable values

   3 1.6474655091e-08  -1.36e-08  1.91e-07    9.666568e-03

After 3 iterations the fit converged.
final sum of squares of residuals : 1.64747e-08
rel. change during last iteration : -1.35766e-13

degrees of freedom    (FIT_NDF)                        : 332
rms of residuals      (FIT_STDFIT) = sqrt(WSSR/ndf)    : 7.04432e-06
variance of residuals (reduced chisquare) = WSSR/ndf   : 4.96225e-11

Final set of parameters            Asymptotic Standard Error
=======================            ==========================
a               = 0.00966657       +/- 1.696e-05    (0.1755%)


*******************************************************************************
Sat Jul 28 14:40:58 2018


FIT:    data read from ocum u ($1*0.5):(($0+1)/A)
        format = x:z
        x range restricted to [5.00000 : 20.0000]
        #datapoints = 334
        residuals are weighted equally (unit weight)

function used for fitting: y(x)
	y(x) = a * x**p
fitted parameters initialized with current variable values

   3 1.1040949942e-08  -2.00e-08  1.93e-07    9.649528e-03

After 3 iterations the fit converged.
final sum of squares of residuals : 1.10409e-08
rel. change during last iteration : -1.99585e-13

degrees of freedom    (FIT_NDF)                        : 333
rms of residuals      (FIT_STDFIT) = sqrt(WSSR/ndf)    : 5.75813e-06
variance of residuals (reduced chisquare) = WSSR/ndf   : 3.3156e-11

Final set of parameters            Asymptotic Standard Error
=======================            ==========================
a               = 0.00964953       +/- 1.373e-05    (0.1422%)


*******************************************************************************
Sat Jul 28 14:40:59 2018


FIT:    data read from ocum u ($1*0.5):(($0+1)/A)
        format = x:z
        x range restricted to [5.00000 : 20.0000]
        #datapoints = 353
        residuals are weighted equally (unit weight)

function used for fitting: y(x)
	y(x) = a * x**p
fitted parameters initialized with current variable values

   3 1.1001152782e-08  -2.88e-08  1.95e-07    1.001096e-02

After 3 iterations the fit converged.
final sum of squares of residuals : 1.10012e-08
rel. change during last iteration : -2.87678e-13

degrees of freedom    (FIT_NDF)                        : 352
rms of residuals      (FIT_STDFIT) = sqrt(WSSR/ndf)    : 5.59046e-06
variance of residuals (reduced chisquare) = WSSR/ndf   : 3.12533e-11

Final set of parameters            Asymptotic Standard Error
=======================            ==========================
a               = 0.010011         +/- 1.281e-05    (0.128%)


*******************************************************************************
Sat Jul 28 14:41:00 2018


FIT:    data read from ocum u ($1*0.5):(($0+1)/A)
        format = x:z
        x range restricted to [5.00000 : 20.0000]
        #datapoints = 321
        residuals are weighted equally (unit weight)

function used for fitting: y(x)
	y(x) = a * x**p
fitted parameters initialized with current variable values

   3 2.6460404150e-08  -6.20e-09  1.91e-07    9.431118e-03

After 3 iterations the fit converged.
final sum of squares of residuals : 2.64604e-08
rel. change during last iteration : -6.2022e-14

degrees of freedom    (FIT_NDF)                        : 320
rms of residuals      (FIT_STDFIT) = sqrt(WSSR/ndf)    : 9.09334e-06
variance of residuals (reduced chisquare) = WSSR/ndf   : 8.26888e-11

Final set of parameters            Asymptotic Standard Error
=======================            ==========================
a               = 0.00943112       +/- 2.238e-05    (0.2373%)


*******************************************************************************
Sat Jul 28 14:41:00 2018


FIT:    data read from ocum u ($1*0.5):(($0+1)/A)
        format = x:z
        x range restricted to [5.00000 : 20.0000]
        #datapoints = 321
        residuals are weighted equally (unit weight)

function used for fitting: y(x)
	y(x) = a * x**p
fitted parameters initialized with current variable values

   3 5.2800222997e-08  -4.05e-09  1.87e-07    9.598032e-03

After 3 iterations the fit converged.
final sum of squares of residuals : 5.28002e-08
rel. change during last iteration : -4.04815e-14

degrees of freedom    (FIT_NDF)                        : 320
rms of residuals      (FIT_STDFIT) = sqrt(WSSR/ndf)    : 1.28453e-05
variance of residuals (reduced chisquare) = WSSR/ndf   : 1.65001e-10

Final set of parameters            Asymptotic Standard Error
=======================            ==========================
a               = 0.00959803       +/- 3.22e-05     (0.3355%)


*******************************************************************************
Sat Jul 28 14:41:01 2018


FIT:    data read from ocum u ($1*0.5):(($0+1)/A)
        format = x:z
        x range restricted to [5.00000 : 20.0000]
        #datapoints = 345
        residuals are weighted equally (unit weight)

function used for fitting: y(x)
	y(x) = a * x**p
fitted parameters initialized with current variable values

   3 4.7637447340e-08  -7.70e-09  1.89e-07    1.013360e-02

After 3 iterations the fit converged.
final sum of squares of residuals : 4.76374e-08
rel. change during last iteration : -7.69576e-14

degrees of freedom    (FIT_NDF)                        : 344
rms of residuals      (FIT_STDFIT) = sqrt(WSSR/ndf)    : 1.17678e-05
variance of residuals (reduced chisquare) = WSSR/ndf   : 1.38481e-10

Final set of parameters            Asymptotic Standard Error
=======================            ==========================
a               = 0.0101336        +/- 2.821e-05    (0.2784%)
