  1.00374475610749648E-003  1.58657448584866244E-007
  1.01388359202777417E-003  1.54798480262698668E-007
  1.02412484043209518E-003  1.51033372244905812E-007
  1.03446953578999515E-003  1.47359841600924053E-007
  1.04491872302019703E-003  1.43775660927092133E-007
  1.05547345759615858E-003  1.40278656996090157E-007
  1.06613480565268546E-003  1.36866709439227936E-007
  1.07690384409362175E-003  1.33537749460783386E-007
  1.08778166070062801E-003  1.30289758583611874E-007
  1.09876935424305859E-003  1.27120767425265245E-007
  1.10986803458894799E-003  1.24028854503879232E-007
  1.12107882281711909E-003  1.21012145073104603E-007
  1.13240285133042328E-003  1.18068809985376170E-007
  1.14384126397012445E-003  1.15197064582829782E-007
  1.15539521613143895E-003  1.12395167615195151E-007
  1.16706587488024129E-003  1.09661420184008796E-007
  1.17885441907095070E-003  1.06994164712505889E-007
  1.19076203946560672E-003  1.04391783940567533E-007
  1.20278993885414819E-003  1.01852699944113430E-007
  1.21493933217590717E-003  9.93753731783454915E-008
  1.22721144664233051E-003  9.69583015442622846E-008
  1.23960752186093987E-003  9.46000194778783892E-008
  1.25212880996054539E-003  9.22990970615961625E-008
  1.26477657571772263E-003  9.00541391571916017E-008
  1.27755209668456828E-003  8.78637845598879534E-008
  1.29045666331774572E-003  8.57267051730046390E-008
  1.30349157910883418E-003  8.36416052026809539E-008
  1.31665816071599418E-003  8.16072203721861461E-008
  1.32995773809696386E-003  7.96223171553395245E-008
  1.34339165464339785E-003  7.76856920285758271E-008
  1.35696126731656348E-003  7.57961707412023683E-008
  1.37066794678440749E-003  7.39526076034054971E-008
  1.38451307756000765E-003  7.21538847915744592E-008
  1.39849805814142199E-003  7.03989116705218577E-008
  1.41262430115295145E-003  6.86866241321892960E-008
  1.42689323348782981E-003  6.70159839504374462E-008
  1.44130629645235339E-003  6.53859781515295755E-008
  1.45586494591146815E-003  6.37956183999262371E-008
  1.47057065243582632E-003  6.22439403990193465E-008
  1.48542490145032969E-003  6.07300033064417894E-008
  1.50042919338417148E-003  5.92528891635983412E-008
  1.51558504382239543E-003  5.78117023390719204E-008
  1.53089398365898540E-003  5.64055689855675385E-008
  1.54635755925150052E-003  5.50336365100649880E-008
  1.56197733257727321E-003  5.36950730568587199E-008
  1.57775488139118509E-003  5.23890670031715014E-008
  1.59369179938503554E-003  5.11148264670362213E-008
  1.60978969634852087E-003  4.98715788271472103E-008
  1.62605019833183921E-003  4.86585702543900811E-008
  1.64247494780993871E-003  4.74750652547659219E-008
  1.65906560384842302E-003  4.63203462234329829E-008
  1.67582384227113446E-003  4.51937130095949828E-008
  1.69275135582942879E-003  4.40944824919727094E-008
  1.70984985437316037E-003  4.30219881646011226E-008
  1.72712106502339430E-003  4.19755797327010220E-008
  1.74456673234686297E-003  4.09546227183802003E-008
  1.76218861853218492E-003  3.99584980759249624E-008
  1.77998850356786355E-003  3.89866018164487635E-008
  1.79796818542208442E-003  3.80383446416704081E-008
  1.81612948022432763E-003  3.71131515865997120E-008
  1.83447422244881588E-003  3.62104616709139817E-008
  1.85300426509981396E-003  3.53297275588140141E-008
  1.87172147989880192E-003  3.44704152271531601E-008
  1.89062775747353721E-003  3.36320036416384994E-008
  1.90972500754902751E-003  3.28139844409076020E-008
  1.92901515914043181E-003  3.20158616282893412E-008
  1.94850016074791100E-003  3.12371512710619670E-008
  1.96818198055344557E-003  3.04773812070259907E-008
  1.98806260661964218E-003  2.97360907582139803E-008
  2.00814404709054751E-003  2.90128304515636885E-008
  2.02842833039449224E-003  2.83071617463851622E-008
  2.04891750544898207E-003  2.76186567684565630E-008
  2.06961364186765851E-003  2.69468980505875045E-008
  2.09051883016935208E-003  2.62914782794925206E-008
  2.11163518198924458E-003  2.56520000488213118E-008
  2.13296483029216640E-003  2.50280756181958775E-008
  2.15450992958804693E-003  2.44193266781085576E-008
  2.17627265614954218E-003  2.38253841205383370E-008
  2.19825520823186066E-003  2.32458878151463710E-008
  2.22045980629480885E-003  2.26804863909150636E-008
  2.24288869322707965E-003  2.21288370230982280E-008
  2.26554413457280774E-003  2.15906052253531729E-008
  2.28842841876041167E-003  2.10654646469287152E-008
  2.31154385733374924E-003  2.05530968747860873E-008
  2.33489278518560521E-003  2.00531912405328317E-008
  2.35847756079354083E-003  1.95654446320524973E-008
  2.38230056645812212E-003  1.90895613097160982E-008
  2.40636420854355767E-003  1.86252527270636978E-008
  2.43067091772076549E-003  1.81722373558475491E-008
  2.45522314921289451E-003  1.77302405153306374E-008
  2.48002338304332800E-003  1.72989942057371326E-008
  2.50507412428618978E-003  1.68782369457537569E-008
  2.53037790331938359E-003  1.64677136139835448E-008
  2.55593727608018550E-003  1.60671752942558979E-008
  2.58175482432341976E-003  1.56763791246990714E-008
  2.60783315588224238E-003  1.52950881504836457E-008
  2.63417490493155805E-003  1.49230711801476324E-008
  2.66078273225409893E-003  1.45601026454161718E-008
  2.68765932550919101E-003  1.42059624644307518E-008
  2.71480739950423359E-003  1.38604359083050750E-008
  2.74222969646892301E-003  1.35233134709266367E-008
  2.76992898633224554E-003  1.31943907419250614E-008
  2.79790806700226831E-003  1.28734682827301969E-008
  2.82616976464875568E-003  1.25603515056447988E-008
  2.85471693398864227E-003  1.22548505558584710E-008
  2.88355245857438609E-003  1.19567801963313864E-008
  2.91267925108523859E-003  1.16659596954778735E-008
  2.94210025362145328E-003  1.13822127175818916E-008
  2.97181843800146820E-003  1.11053672158778597E-008
  3.00183680606208895E-003  1.08352553282320542E-008
  3.03215838996170623E-003  1.05717132753612921E-008
  3.06278625248657208E-003  1.03145812615272447E-008
  3.09372348736017396E-003  1.00637033776460856E-008
  3.12497321955573131E-003  9.81892750675479178E-009
  3.15653860561184970E-003  9.58010523177674463E-009
  3.18842283395136348E-003  9.34709174553071954E-009
  3.22062912520339759E-003  9.11974576292869314E-009
  3.25316073252868458E-003  8.89792943530923213E-009
  3.28602094194816634E-003  8.68150826685452215E-009
  3.31921307267491568E-003  8.47035103304034831E-009
  3.35274047744940976E-003  8.26432970106959876E-009
  3.38660654287819152E-003  8.06331935224102504E-009
  3.42081468977595109E-003  7.86719810620620761E-009
  3.45536837351106182E-003  7.67584704706877839E-009
  3.49027108435460802E-003  7.48915015128113483E-009
  3.52552634783293755E-003  7.30699421729486048E-009
  3.56113772508377538E-003  7.12926879692225384E-009
  3.59710881321593460E-003  6.95586612836732271E-009
  3.63344324567266112E-003  6.78668107088563952E-009
  3.67014469259864745E-003  6.62161104103344464E-009
  3.70721686121075521E-003  6.46055595046733784E-009
  3.74466349617247991E-003  6.30341814525684748E-009
  3.78248837997220179E-003  6.15010234667307297E-009
  3.82069533330525431E-003  6.00051559341750981E-009
  3.85928821545985287E-003  5.85456718525602372E-009
  3.89827092470692227E-003  5.71216862802378573E-009
  3.93764739869386076E-003  5.57323357996784255E-009
  3.97742161484228394E-003  5.43767779939476798E-009
  4.01759759074978191E-003  5.30541909359167855E-009
  4.05817938459573924E-003  5.17637726898960333E-009
  4.09917109555125222E-003  5.05047408253902325E-009
  4.14057686419318401E-003  4.92763319426809419E-009
  4.18240087292240815E-003  4.80778012099475979E-009
  4.22464734638627101E-003  4.69084219116472318E-009
  4.26732055190532419E-003  4.57674850078787576E-009
  4.31042479990436777E-003  4.46542987044646080E-009
  4.35396444434784594E-003  4.35681880334892414E-009
  4.39794388317964278E-003  4.25084944440399524E-009
  4.44236755876731629E-003  4.14745754029020336E-009
  4.48723995835082455E-003  4.04658040049660039E-009
  4.53256561449578207E-003  3.94815685931108368E-009
  4.57834910555129492E-003  3.85212723873325532E-009
  4.62459505611241897E-003  3.75843331228934836E-009
  4.67130813748729227E-003  3.66701826972726197E-009
  4.71849306816898243E-003  3.57782668257030942E-009
  4.76615461431210367E-003  3.49080447050878953E-009
  4.81429759021424590E-003  3.40589886860900453E-009
  4.86292685880226894E-003  3.32305839531983878E-009
  4.91204733212350416E-003  3.24223282125750688E-009
  4.96166397184192361E-003  3.16337313874953446E-009
  5.01178178973931722E-003  3.08643153211951099E-009
  5.06240584822153280E-003  3.01136134869459923E-009
  5.11354126082983092E-003  2.93811707051821269E-009
  5.16519319275740487E-003  2.86665428675071886E-009
  5.21736686137111612E-003  2.79692966674143257E-009
  5.27006753673850154E-003  2.72890093375556517E-009
  5.32330054216010283E-003  2.66252683934020755E-009
  5.37707125470717438E-003  2.59776713831379635E-009
  5.43138510576482263E-003  2.53458256436390462E-009
  5.48624758158062879E-003  2.47293480623855972E-009
  5.54166422381881674E-003  2.41278648451664844E-009
  5.59764063012001701E-003  2.35410112894332912E-009
  5.65418245466668429E-003  2.29684315631670754E-009
  5.71129540875422656E-003  2.24097784891236501E-009
  5.76898526136790553E-003  2.18647133343265864E-009
  5.82725783976556153E-003  2.13329056046803057E-009
  5.88611903006622424E-003  2.08140328445787815E-009
  5.94557477784467096E-003  2.03077804413881872E-009
  6.00563108873199050E-003  1.98138414346851087E-009
  6.06629402902221244E-003  1.93319163301345665E-009
  6.12756972628506272E-003  1.88617129178950358E-009
  6.18946436998491206E-003  1.84029460954402943E-009
  6.25198421210597204E-003  1.79553376946907800E-009
  6.31513556778380992E-003  1.75186163133494916E-009
  6.37892481594324202E-003  1.70925171503402954E-009
  6.44335839994266898E-003  1.66767818452487889E-009
  6.50844282822491804E-003  1.62711583216684107E-009
  6.57418467497466498E-003  1.58754006343567414E-009
  6.64059058078248984E-003  1.54892688201094256E-009
  6.70766725331564673E-003  1.51125287522611707E-009
  6.77542146799560256E-003  1.47449519987257236E-009
  6.84386006868242715E-003  1.43863156834886477E-009
  6.91298996836608830E-003  1.40364023514689863E-009
  6.98281814986473608E-003  1.36949998366678349E-009
  7.05335166653003626E-003  1.33619011335239075E-009
  7.12459764295963246E-003  1.30369042713980355E-009
  7.19656327571680052E-003  1.27198121921105710E-009
  7.26925583405737402E-003  1.24104326304574098E-009
  7.34268266066401450E-003  1.21085779976321378E-009
  7.41685117238789337E-003  1.18140652674837080E-009
  7.49176886099787217E-003  1.15267158655405900E-009
  7.56744329393724442E-003  1.12463555607341750E-009
  7.64388211508812594E-003  1.09728143597557376E-009
  7.72109304554356203E-003  1.07059264039829211E-009
  7.79908388438743660E-003  1.04455298689132473E-009
  7.87786250948225956E-003  1.01914668660436473E-009
  7.95743687826490874E-003  9.94358334713658190E-010
  8.03781502855041227E-003  9.70172901081461377E-010
  8.11900507934385125E-003  9.46575721142688818E-010
  8.20101523166045544E-003  9.23552487013220182E-010
  8.28385376935399619E-003  9.01089238814475919E-010
  8.36752905995353201E-003  8.79172356209004827E-010
  8.45204955550861795E-003  8.57788550141945481E-010
  8.53742379344304796E-003  8.36924854783358872E-010
  8.62366039741722067E-003  8.16568619666544117E-010
  8.71076807819921341E-003  7.96707502017571746E-010
  8.79875563454465999E-003  7.77329459271383351E-010
  8.88763195408551546E-003  7.58422741769916762E-010
  8.97740601422779283E-003  7.39975885637836110E-010
  9.06808688305837593E-003  7.21977705831539581E-010
  9.15968372026098633E-003  7.04417289357235436E-010
  9.25220577804139986E-003  6.87283988653972436E-010
  9.34566240206202020E-003  6.70567415137611167E-010
  9.44006303238587897E-003  6.54257432901824139E-010
  9.53541720443018027E-003  6.38344152572304406E-010
  9.63173454992947466E-003  6.22817925310454311E-010
  9.72902479790855972E-003  6.07669336962922823E-010
  9.82729777566521134E-003  5.92889202353439230E-010
  9.92656340976283934E-003  5.78468559713486623E-010
  1.00268317270331715E-002  5.64398665248434374E-010
  1.01281128555890630E-002  5.50670987835837837E-010
  1.02304170258475380E-002  5.37277203852689104E-010
  1.03337545715631706E-002  5.24209192128481613E-010
  1.04381359308718894E-002  5.11459029021031673E-010
  1.05435716473453421E-002  4.99018983612066647E-010
  1.06500723710559013E-002  4.86881513019670992E-010
  1.07576488596524255E-002  4.75039257824745521E-010
  1.08663119794468951E-002  4.63485037608706152E-010
  1.09760727065120155E-002  4.52211846599719568E-010
  1.10869421277899147E-002  4.41212849424831798E-010
  1.11989314422120349E-002  4.30481376965418018E-010
  1.13120519618303376E-002  4.20010922313437896E-010
  1.14263151129599377E-002  4.09795136826045313E-010
  1.15417324373332710E-002  3.99827826276161203E-010
  1.16583155932659301E-002  3.90102947096674153E-010
  1.17760763568342721E-002  3.80614602715991355E-010
  1.18950266230649221E-002  3.71357039982719778E-010
  1.20151784071362844E-002  3.62324645677308108E-010
  1.21365438455922070E-002  3.53511943108534206E-010
  1.22591351975678865E-002  3.44913588792775978E-010
  1.23829648460281692E-002  3.36524369214050277E-010
  1.25080452990183524E-002  3.28339197662856837E-010
  1.26343891909276290E-002  3.20353111151909060E-010
  1.27620092837652816E-002  3.12561267406883725E-010
  1.28909184684497802E-002  3.04958941930362013E-010
  1.30211297661108893E-002  2.97541525137184811E-010
  1.31526563294049395E-002  2.90304519559482374E-010
  1.32855114438433734E-002  2.83243537119686019E-010
  1.34197085291347211E-002  2.76354296469866744E-010
  1.35552611405401219E-002  2.69632620395788569E-010
  1.36921829702425484E-002  2.63074433284101976E-010
  1.38304878487298475E-002  2.56675758651142083E-010
  1.39701897461917655E-002  2.50432716731832665E-010
  1.41113027739310764E-002  2.44341522127234537E-010
  1.42538411857889655E-002  2.38398481509311874E-010
  1.43978193795848142E-002  2.32599991381524629E-010
  1.45432518985705202E-002  2.26942535893889178E-010
  1.46901534328995158E-002  2.21422684711182614E-010
  1.48385388211106223E-002  2.16037090932997691E-010
  1.49884230516268910E-002  2.10782489064387872E-010
  1.51398212642695866E-002  2.05655693035871236E-010
  1.52927487517874605E-002  2.00653594271593581E-010
  1.54472209614014751E-002  1.95773159804478493E-010
  1.56032534963651270E-002  1.91011430437222216E-010
  1.57608621175405333E-002  1.86365518948017828E-010
  1.59200627449904396E-002  1.81832608339921175E-010
  1.60808714595863031E-002  1.77409950132796527E-010
  1.62433045046326309E-002  1.73094862696806733E-010
  1.64073782875077089E-002  1.68884729626437525E-010
  1.65731093813209183E-002  1.64776998154069534E-010
  1.67405145265867861E-002  1.60769177602136628E-010
  1.69096106329159473E-002  1.56858837872931748E-010
  1.70804147807231792E-002  1.53043607975144758E-010
  1.72529442229527076E-002  1.49321174586238643E-010
  1.74272163868209179E-002  1.45689280649792649E-010
  1.76032488755766860E-002  1.42145724006961638E-010
  1.77810594702794804E-002  1.38688356061222140E-010
  1.79606661315954361E-002  1.35315080475594894E-010
  1.81420870016115524E-002  1.32023851901555039E-010
  1.83253404056682341E-002  1.28812674738857987E-010
  1.85104448542103388E-002  1.25679601925529746E-010
  1.86974190446569065E-002  1.22622733757288251E-010
  1.88862818632898055E-002  1.19640216735678780E-010
  1.90770523871614216E-002  1.16730242444226509E-010
  1.92697498860216372E-002  1.13891046451923513E-010
  1.94643938242642818E-002  1.11120907243385966E-010
  1.96610038628932150E-002  1.08418145175032847E-010
  1.98595998615082973E-002  1.05781121456653086E-010
  2.00602018803114103E-002  1.03208237157743622E-010
  2.02628301821327385E-002  1.00697932238016019E-010
  2.04675052344775142E-002  9.82486846014837875E-011
  2.06742477115934506E-002  9.58590091735565503E-011
  2.08830784965590398E-002  9.35274570005820747E-011
  2.10940186833929698E-002  9.12526143712894319E-011
  2.13070895791848194E-002  8.90331019596013090E-011
  2.15223127062472916E-002  8.68675739882952666E-011
  2.17397098042901929E-002  8.47547174130068536E-011
  2.19593028326163578E-002  8.26932511260800938E-011
  2.21811139723397562E-002  8.06819251797823869E-011
  2.24051656286260170E-002  7.87195200284127830E-011
  2.26314804329555731E-002  7.68048457888443012E-011
  2.28600812454096691E-002  7.49367415190517253E-011
  2.30909911569794624E-002  7.31140745141875852E-011
  2.33242334918984454E-002  7.13357396197793931E-011
  2.35598318099984293E-002  6.96006585616316890E-011
  2.37978099090893243E-002  6.79077792920267371E-011
  2.40381918273629529E-002  6.62560753518273424E-011
  2.42810018458211631E-002  6.46445452480948489E-011
  2.45262644907284465E-002  6.30722118468452920E-011
  2.47740045360893384E-002  6.15381217805753271E-011
  2.50242470061508467E-002  6.00413448701985093E-011
  2.52770171779301486E-002  5.85809735610418476E-011
  2.55323405837678263E-002  5.71561223725602320E-011
  2.57902430139068939E-002  5.57659273614353274E-011
  2.60507505190978733E-002  5.44095455977333301E-011
  2.63138894132301758E-002  5.30861546538039478E-011
  2.65796862759900762E-002  5.17949521056107164E-011
  2.68481679555455308E-002  5.05351550461901940E-011
  2.71193615712581118E-002  4.93059996109452473E-011
  2.73932945164223340E-002  4.81067405144843830E-011
  2.76699944610326598E-002  4.69366505987263489E-011
  2.79494893545784440E-002  4.57950203919960719E-011
  2.82318074288671166E-002  4.46811576788445591E-011
  2.85169772008758739E-002  4.35943870803318914E-011
  2.88050274756321972E-002  4.25340496445187627E-011
  2.90959873491234318E-002  4.14995024469185269E-011
  2.93898862112357898E-002  4.04901182006671447E-011
  2.96867537487230208E-002  3.95052848761749009E-011
  2.99866199482050726E-002  3.85444053300291800E-011
  3.02895150991970424E-002  3.76068969429233215E-011
  3.05954697971687305E-002  3.66921912663919875E-011
  3.09045149466350803E-002  3.57997336781388506E-011
  3.12166817642778593E-002  3.49289830457476472E-011
  3.15320017820988480E-002  3.40794113985726511E-011
  3.18505068506048997E-002  3.32505036076096365E-011
  3.21722291420251522E-002  3.24417570731532357E-011
  3.24972011535607577E-002  3.16526814200512769E-011
  3.28254557106674311E-002  3.08827982003713595E-011
  3.31570259703711442E-002  3.01316406032993526E-011
  3.34919454246173157E-002  2.93987531720939642E-011
  3.38302479036538539E-002  2.86836915279256334E-011
  3.41719675794483410E-002  2.79860221004324922E-011
  3.45171389691397365E-002  2.73053218648298876E-011
  3.48657969385249844E-002  2.66411780854140200E-011
  3.52179767055807932E-002  2.59931880653043623E-011
  3.55737138440210057E-002  2.53609589022729513E-011
  3.59330442868899050E-002  2.47441072505125492E-011
  3.62960043301918250E-002  2.41422590881992399E-011
  3.66626306365573987E-002  2.35550494907085282E-011
  3.70329602389468659E-002  2.29821224093474043E-011
  3.74070305443907763E-002  2.24231304554682401E-011
  3.77848793377684594E-002  2.18777346898336278E-011
  3.81665447856247078E-002  2.13456044171043583E-011
  3.85520654400249574E-002  2.08264169853260780E-011
  3.89414802424494499E-002  2.03198575902928926E-011
  3.93348285277267187E-002  1.98256190846693823E-011
  3.97321500280067852E-002  1.93434017917553135E-011
  4.01334848767745320E-002  1.88729133237800210E-011
  4.05388736129035712E-002  1.84138684046163961E-011
  4.09483571847510802E-002  1.79659886968069357E-011
  4.13619769542940205E-002  1.75290026327969382E-011
  4.17797747013070944E-002  1.71026452502725961E-011
  4.22017926275829250E-002  1.66866580315040969E-011
  4.26280733611948751E-002  1.62807887465962897E-011
  4.30586599608029016E-002  1.58847913005519502E-011
  4.34935959200029310E-002  1.54984255840548341E-011
  4.39329251717201358E-002  1.51214573278821191E-011
  4.43766920926466010E-002  1.47536579608579031E-011
  4.48249415077238422E-002  1.43948044712616236E-011
  4.52777186946705448E-002  1.40446792716074495E-011
  4.57350693885561072E-002  1.37030700667125236E-011
  4.61970397864203131E-002  1.33697697249741976E-011
  4.66636765519397104E-002  1.30445761527781147E-011
  4.71350268201411252E-002  1.27272921719610071E-011
  4.76111382021627561E-002  1.24177254002539570E-011
  4.80920587900633897E-002  1.21156881346335560E-011
  4.85778371616801888E-002  1.18209972375103028E-011
  4.90685223855355443E-002  1.15334740256851859E-011
  4.95641640257934793E-002  1.12529441620071275E-011
  5.00648121472661439E-002  1.09792375496656266E-011
  5.05705173204708536E-002  1.07121882290544678E-011
  5.10813306267382389E-002  1.04516342771439770E-011
  5.15973036633719587E-002  1.01974177093008203E-011
  5.21184885488605656E-002  9.94938438349578897E-012
  5.26449379281419827E-002  9.70738390684152362E-012
  5.31767049779211937E-002  9.47126954440347534E-012
  5.37138434120416133E-002  9.24089813022881470E-012
  5.42564074869107196E-002  9.01612998053939376E-012
  5.48044520069805238E-002  8.79682880903602519E-012
  5.53580323302833577E-002  8.58286164426284025E-012
  5.59172043740235949E-002  8.37409874898152268E-012
  5.64820246202258555E-002  8.17041354150660211E-012
  5.70525501214402611E-002  7.97168251895407113E-012
  5.76288385065053116E-002  7.77778518235679226E-012
  5.82109479863689994E-002  7.58860396360129856E-012
  5.87989373599686893E-002  7.40402415414169955E-012
  5.93928660201703956E-002  7.22393383544743137E-012
  5.99927939597680801E-002  7.04822381114271719E-012
  6.05987817775435131E-002  6.87678754079656638E-012
  6.12108906843873909E-002  6.70952107532317567E-012
  6.18291825094822167E-002  6.54632299395357350E-012
  6.24537197065476932E-002  6.38709434274026923E-012
  6.30845653601491835E-002  6.23173857455763634E-012
  6.37217831920698780E-002  6.08016149056164492E-012
  6.43654375677473467E-002  5.93227118307344433E-012
  6.50155935027750959E-002  5.78797797985217461E-012
  6.56723166694697935E-002  5.64719438972320703E-012
  6.63356734035048384E-002  5.50983504952885182E-012
  6.70057307106109445E-002  5.37581667236935614E-012
  6.76825562733443936E-002  5.24505799710282487E-012
  6.83662184579236359E-002  5.11747973907344411E-012
  6.90567863211349886E-002  4.99300454203810754E-012
  6.97543296173080696E-002  4.87155693126232647E-012
  7.04589188053616894E-002  4.75306326775696565E-012
  7.11706250559208942E-002  4.63745170362806947E-012
  7.18895202585059512E-002  4.52465213851268731E-012
  7.26156770287938874E-002  4.41459617707430524E-012
  7.33491687159534278E-002  4.30721708753209670E-012
  7.40900694100539714E-002  4.20244976119885055E-012
  7.48384539495494661E-002  4.10023067300304360E-012
  7.55943979288378476E-002  4.00049784297112134E-012
  7.63579777058968207E-002  3.90319079864663650E-012
  7.71292704099967863E-002  3.80825053842344493E-012
  7.79083539494917071E-002  3.71561949577073457E-012
  7.86953070196885901E-002  3.62524150432820970E-012
  7.94902091107965586E-002  3.53706176385023390E-012
  8.02931405159561240E-002  3.45102680697831926E-012
  8.11041823393496147E-002  3.36708446682178119E-012
  8.19234165043935536E-002  3.28518384532692688E-012
  8.27509257620136912E-002  3.20527528241558609E-012
  8.35867936990037225E-002  3.12731032587427469E-012
  8.44311047464684078E-002  3.05124170197572938E-012
  8.52839441883519317E-002  2.97702328681501211E-012
  8.61453981700524563E-002  2.90461007834279006E-012
  8.70155537071236884E-002  2.83395816907884118E-012
  8.78944986940643352E-002  2.76502471948924013E-012
  8.87823219131962937E-002  2.69776793201108325E-012
  8.96791130436326162E-002  2.63214702570899572E-012
  9.05849626703359723E-002  2.56812221154806519E-012
  9.14999622932686635E-002  2.50565466826819920E-012
  9.24242043366350213E-002  2.44470651884528470E-012
  9.33577821582171896E-002  2.38524080752487263E-012
  9.43007900588052478E-002  2.32722147741446134E-012
  9.52533232917224665E-002  2.27061334862080120E-012
  9.62154780724469305E-002  2.21538209691895194E-012
  9.71873515883302369E-002  2.16149423294016923E-012
  9.81690420084143783E-002  2.10891708186599389E-012
  9.91606484933478527E-002  2.05761876361623456E-012
  0.10016227120540187       2.00756817351883401E-012
  0.10117401131858775       1.95873496344989103E-012
  0.10219597102887651       1.91108952343241016E-012
  0.10322825356452173       1.86460296368261750E-012
  0.10427096319648660       1.81924709709295683E-012
  0.10532420524897636       1.77499442214114670E-012
  0.10638808611007713       1.73181810621493257E-012
  0.10746271324250216       1.68969196934242769E-012
  0.10854819519444663       1.64859046831817276E-012
  0.10964464161055215       1.60848868121529334E-012
  0.11075216324298197       1.56936229227436128E-012
  0.11187087196260805       1.53118757715979976E-012
  0.11300088077031116       1.49394138857489090E-012
  0.11414230380839512       1.45760114222666534E-012
  0.11529525637211628       1.42214480313216218E-012
  0.11645985492132958       1.38755087225775690E-012
  0.11763621709225211       1.35379837348345544E-012
  0.11882446170934556       1.32086684088425276E-012
  0.12002470879731875       1.28873630632084078E-012
  0.12123707959325127       1.25738728733214313E-012
  0.12246169655883966       1.22680077532233854E-012
  0.12369868339276734       1.19695822403520122E-012
  0.12494816504319933       1.16784153830878158E-012
  0.12621026772040336       1.13943306310359878E-012
  0.12748511890949835       1.11171557279769857E-012
  0.12877284738333167       1.08467226074208404E-012
  0.13007358321548654       1.05828672907018346E-012
  0.13138745779342076       1.03254297875518133E-012
  0.13271460383173814       1.00742539990918123E-012
  0.13405515538559407       9.82918762318316027E-013
  0.13540924786423644       9.59008206208072025E-013
  0.13677701804468329       9.35679233233224354E-013
  0.13815860408553868       9.12917697686919670E-013
  0.13955414554094817       8.90709797923578787E-013
  0.14096378337469512       8.69042067990415435E-013
  0.14238765997443950       8.47901369462499608E-013
  0.14382591916610052       8.27274883476413021E-013
  0.14527870622838437       8.07150102957669004E-013
  0.14674616790745895       7.87514825037179711E-013
  0.14822845243177671       7.68357143652175024E-013
  0.14972570952704717       7.49665442327089071E-013
  0.15123809043136077       7.31428387130032084E-013
  0.15276574791046543       7.13634919800580641E-013
  0.15430883627319741       6.96274251044718461E-013
  0.15586751138706809       6.79335853992861339E-013
  0.15744193069400816       6.62809457816999834E-013
  0.15903225322627088       6.46685041503091003E-013
  0.16063863962249583       6.30952827774921826E-013
  0.16226125214393519       6.15603277165758969E-013
  0.16390025469084363       6.00627082234194243E-013
  0.16555581281903398       5.86015161920672966E-013
  0.16722809375659997       5.71758656041288974E-013
  0.16891726642080807       5.57848919915503514E-013
  0.17062350143515967       5.44277519124533347E-013
  0.17234697114662592       5.31036224397227842E-013
  0.17408784964305649       5.18117006620335289E-013
  0.17584631277076412       5.05512031970133016E-013
  0.17762253815228699       4.93213657162469039E-013
  0.17941670520433028       4.81214424818334655E-013
  0.18122899515588917       4.69507058942159473E-013
  0.18305959106655473       4.58084460510085522E-013
  0.18490867784500478       4.46939703165547291E-013
  0.18677644226768159       4.36066029019544748E-013
  0.18866307299765817       4.25456844553066543E-013
  0.19056876060369513       4.15105716619176469E-013
  0.19249369757949003       4.05006368542339581E-013
  0.19443807836312124       3.95152676312623467E-013
  0.19640209935668812       3.85538664872466155E-013
  0.19838595894614963       3.76158504493759831E-013
  0.20038985752136326       3.67006507243053722E-013
  0.20241399749632652       3.58077123532731976E-013
  0.20445858332962275       3.49364938756076295E-013
  0.20652382154507348       3.40864670004173418E-013
  0.20860992075259949       3.32571162862674906E-013
  0.21071709166929242       3.24479388286468975E-013
  0.21284554714069942       3.16584439550368528E-013
  0.21499550216232266       3.08881529273966105E-013
  0.21716717390133602       3.01365986518852685E-013
  0.21936078171852125       2.94033253956439421E-013
  0.22157654719042549       2.86878885104665740E-013
  0.22381469413174293       2.79898541631917927E-013
  0.22607544861792214       2.73087990726523497E-013
  0.22835903900800217       2.66443102530226239E-013
  0.23066569596767897       2.59959847634086440E-013
  0.23299565249260501       2.53634294635286976E-013
  0.23534914393192424       2.47462607753364289E-013
  0.23772640801204470       2.41441044504419340E-013
  0.24012768486065122       2.35565953431897802E-013
  0.24255321703096083       2.29833771892563096E-013
  0.24500324952622307       2.24241023896321467E-013
  0.24747802982446776       2.18784317998587265E-013
  0.24997780790350280       2.13460345243912019E-013
  0.25250283626616443       2.08265877159629636E-013
  0.25505336996582267       2.03197763798301601E-013
  0.25762966663214409       1.98252931827775146E-013
  0.26023198649711526       1.93428382667695824E-013
  0.26286059242132853       1.88721190671345826E-013
  0.26551574992053389       1.84128501351703807E-013
  0.26819772719245849       1.79647529650652683E-013
  0.27090679514389748       1.75275558250283973E-013
  0.27364322741807828       1.71009935925276073E-013
  0.27640730042230127       1.66848075935347317E-013
  0.27919929335585986       1.62787454456808118E-013
  0.28201948823824230       1.58825609052262646E-013
  0.28486816993761849       1.54960137177531188E-013
  0.28774562619961463       1.51188694724887674E-013
  0.29065214767637843       1.47508994601730185E-013
  0.29358802795593780       1.43918805343821518E-013
  0.29655356359185636       1.40415949762259518E-013
  0.29954905413318822       1.36998303623356757E-013
  0.30257480215473559       1.33663794360628905E-013
  0.30563111328761172       1.30410399818111092E-013
  0.30871829625011288       1.27236147024240057E-013
  0.31183666287890188       1.24139110995558704E-013
  0.31498652816050693       1.21117413569517788E-013
  0.31816821026313830       1.18169222265666837E-013
  0.32138203056882658       1.15292749174544207E-013
  0.32462831370588546       1.12486249873592022E-013
  0.32790738758170251       1.09748022369438963E-013
  0.33121958341586111       1.07076406065909632E-013
  0.33456523577359709       1.04469780757134469E-013
  0.33794468259959304       1.01926565645150284E-013
  0.34135826525211416       9.94452183813949848E-014
  0.34480632853748905       9.70242341315157293E-014
  0.34828922074493845       9.46621446629236316E-014
  0.35180729368175601       9.23575174545414731E-014
  0.35536090270884446       9.01089548282045219E-014
  0.35895040677661055       8.79150931011882351E-014
  0.36257616846122276       8.57746017593485792E-014
  0.36623855400123512       8.36861826503738874E-014
  0.36993793333458092       8.16485691966588805E-014
  0.37367468013594030       7.96605256273236599E-014
  0.37744917185448518       7.77208462289121196E-014
  0.38126178975200525       7.58283546143153547E-014
  0.38511291894141947       7.39819030094767143E-014
  0.38900294842567623       7.21803715574461520E-014
  0.39293227113704671       7.04226676393617395E-014
  0.39690128397681484       6.87077252119468732E-014
  0.40091038785536853       6.70345041611210812E-014
  0.40495998773269548       6.54019896713329549E-014
  0.40905049265928839       6.38091916102323861E-014
  0.41318231581746301       6.22551439283094141E-014
  0.41735587456309398       6.07389040731351906E-014
  0.42157159046777171       5.92595524178504170E-014
  0.42582988936138555       5.78161917035543557E-014
  0.43013120137513694       5.64079464952563113E-014
  0.43447596098498681       5.50339626510600568E-014
  0.43886460705554226       5.36934068042588722E-014
  0.44329758288438614       5.23854658580275736E-014
  0.44777533624685467       5.11093464924048823E-014
  0.45229831944126736       4.98642746832673313E-014
  0.45686698933461350       4.86494952330030143E-014
  0.46148180740870054       4.74642713126005808E-014
  0.46614323980676825       4.63078840148758620E-014
  0.47085175738057400       4.51796319185651880E-014
  0.47560783573795351       4.40788306630211534E-014
  0.48041195529086211       4.30048125332528674E-014
  0.48526460130390114       4.19569260550592063E-014
  0.49016626394333451       4.09345356000094406E-014
  0.49511743832660055       3.99370210000317987E-014
  0.50011862457232381       3.89637771713762960E-014
  0.50517032785083216       3.80142137477237582E-014
  0.51027305843518400       3.70877547222186208E-014
  0.51542733175271116       3.61838380982084750E-014
  0.52063366843708203       3.53019155484785231E-014
  0.52589259438089098       3.44414520827744112E-014
  0.53120464078877871       3.36019257234117387E-014
  0.53657034423108962       3.27828271887756224E-014
  0.54199024669807028       3.19836595845185136E-014
  0.54746489565461642       3.12039381022686850E-014
  0.55299484409557220       3.04431897256671839E-014
  0.55858065060158812       2.97009529435545925E-014
  0.56422287939554361       2.89767774701339308E-014
  0.56992210039953906       2.82702239719398797E-014
  0.57567888929246369       2.75808638014489544E-014
  0.58149382756814516       2.69082787371688884E-014
  0.58736750259408599       2.62520607300498165E-014
  0.59330050767079390       2.56118116560633849E-014
  0.59929344209171098       2.49871430747998189E-014
  0.60534691120374851       2.43776759939365734E-014
  0.61146152646843288       2.37830406394357269E-014
  0.61763790552366959       2.32028762313307984E-014
  0.62387667224613086       2.26368307649670324E-014
  0.63017845681427365       2.20845607975625160E-014
  0.63654389577199355       2.15457312399607547E-014
  0.64297363209292280       2.10200151534483008E-014
  0.64946831524537652       2.05070935515144239E-014
  0.65602860125795603       2.00066552064324642E-014
  0.66265515278581422       1.95183964605456614E-014
  0.66934863917759013       1.90420210421430976E-014
  0.67610973654302031       1.85772398858139425E-014
  0.68293912782123267       1.81237709571712257E-014
  0.68983750284973000       1.76813390818388305E-014
  0.69680555843407066       1.72496757785979613E-014
  0.70384399841825318       1.68285190965919388E-014
  0.71095353375581127       1.64176134564906749E-014
  0.71813488258162761       1.60167094955184086E-014
  0.72538877028447235       1.56255639162508588E-014
  0.73271592958027509       1.52439393390899991E-014
  0.74011710058613644       1.48716041583270806E-014
  0.74759303089508733       1.45083324017066059E-014
  0.75514447565160336       1.41539035934060924E-014
  0.76277219762788218       1.38081026203485606E-014
  0.77047696730089110       1.34707196017666885E-014
  0.77825956293019305       1.31415497619395076E-014
  0.78612077063655861       1.28203933060245349E-014
  0.79406138448137231       1.25070552989099916E-014
  0.80208220654684070       1.22013455470137088E-014
  0.81018404701701086       1.19030784829570069E-014
  0.81836772425960691       1.16120730530436459E-014
  0.82663406490869384       1.13281526074756013E-014
  0.83498390394817557       1.10511447932391274E-014
  0.84341808479613689       1.07808814495961331E-014
  0.85193745939003729       1.05171985061175154E-014
  0.86054288827276493       1.02599358831966277E-014
  0.86923524067956059       1.00089373949825450E-014
  0.87801539462581879       9.76405065467429319E-015
  0.88688423699577656       9.52512698211859322E-015
  0.89584266363209752       9.29202131365511722E-015
  0.90489157942636111       9.06459211415456875E-015
  0.91403189841046573       8.84270129119628041E-015
  0.92326454384895529       8.62621411133325880E-015
  0.93259044833227811       8.41499911839393583E-015
  0.94201055387098798       8.20892805377107009E-015
  0.95152581199089692       8.00787577864946327E-015
  0.96113718382918878       7.81172019812536181E-015
  0.97084564023150388       7.62034218717149810E-015
  0.98065216185000392       7.43362551840291489E-015
  0.99055773924242818       7.25145679159974236E-015
   1.0005633729721497       7.07372536494422824E-015
   1.0106700737092422       6.90032328793029668E-015
   1.0208788623325680       6.73114523590498025E-015
   1.0311907700328971       6.56608844620201857E-015
   1.0416068384170678       6.40505265582890401E-015
   1.0521281196131997       6.24794004066959648E-015
   1.0627556763769694       6.09465515616603384E-015
   1.0734905821989591       5.94510487944248855E-015
   1.0843339214130900       5.79919835283765529E-015
   1.0952867893061515       5.65684692881024488E-015
   1.1063502922284358       5.51796411618467214E-015
   1.1175255477054908       5.38246552770425314E-015
   1.1288136845510008       5.25026882886011436E-015
   1.1402158429808089       5.12129368796475086E-015
   1.1517331747280899       4.99546172744001680E-015
   1.1633668431596869       4.87269647628997012E-015
   1.1751180233936231       4.75292332372976604E-015
   1.1869879024178012       4.63606947394249302E-015
   1.1989776792099003       4.52206390193649817E-015
   1.2110885648584850       4.41083731047645877E-015
   1.2233217826853384       4.30232208806206190E-015
   1.2356785683690288       4.19645226792883639E-015
   1.2481601700697260       4.09316348804626744E-015
   1.2607678485552789       3.99239295208891989E-015
   1.2735028773285646       3.89407939135694693E-015
   1.2863665427561259       3.79816302762285406E-015
   1.2993601441981071       3.70458553688201675E-015
   1.3124849941395020       3.61329001398495846E-015
   1.3257424183227293       3.52422093812994737E-015
   1.3391337558815448       3.43732413919499432E-015
   1.3526603594763078       3.35254676488882840E-015
   1.3663235954306139       3.26983724870093305E-015
   1.3801248438693070       3.18914527863121769E-015
   1.3940654988578858       3.11042176668035482E-015
   1.4081469685433190       3.03361881908228300E-015
   1.4223706752962819       2.95868970726083317E-015
   1.4367380558548302       2.88558883949285969E-015
   1.4512505614695255       2.81427173326069577E-015
   1.4659096580500257       2.74469498827717386E-015
   1.4807168263131574       2.67681626016684118E-015
   1.4956735619324821       2.61059423478743247E-015
   1.5107813756893760       2.54598860317599664E-015
   1.5260417936256323       2.48296003710452432E-015
   1.5414563571976083       2.42147016523021865E-015
   1.5570266234319277       2.36148154982596386E-015
   1.5727541650827552       2.30295766407688550E-015
   1.5886405707906619       2.24586286992921398E-015
   1.6046874452430928       2.19016239647804257E-015
   1.6208964093364575       2.13582231888085372E-015
   1.6372691003398561       2.08280953778404012E-015
   1.6538071720604608       2.03109175924993105E-015
   1.6705122950105664       1.98063747517216479E-015
   1.6873861565763297       1.93141594416751043E-015
   1.7044304611882120       1.88339717293256864E-015
   1.7216469304931434       1.83655189805403465E-015
   1.7390373035284277       1.79085156826148626E-015
   1.7566033368974017       1.74626832711194155E-015
   1.7743468049468705       1.70277499609567903E-015
   1.7922694999463338       1.66034505815307068E-015
   1.8103732322690240       1.61895264159242926E-015
   1.8286598305747717       1.57857250439911506E-015
   1.8471311419947190       1.53918001892637894E-015
   1.8657890323178981       1.50075115695866015E-015
   1.8846353861796949       1.46326247513826659E-015
   1.9036721072522171       1.42669110074659898E-015
   1.9229011184365830       1.39101471783129381E-015
   1.9423243620571544       1.35621155367085725E-015
   1.9619438000577318       1.32226036556858042E-015
   1.9817614141997291       1.28914042796772096E-015
   2.0017792062623525       1.25683151988012122E-015
   2.0219991982448007       1.22531391262063860E-015
   2.0424234325705060       1.19456835783993821E-015
   2.0630539722934405       1.16457607584837395E-015
   2.0838929013065055       1.13531874422387477E-015
   2.1049423245520256       1.10677848669691128E-015
   2.1262043682343692       1.07893786230578888E-015
   2.1476811800347164       1.05177985481568120E-015
   2.1693749293279962       1.02528786239496724E-015
   2.1912878074020163       9.99445687542599955E-016
   2.2134220276788046       9.74237527260382792E-016
   2.2357798259381862       9.49647963464174524E-016
   2.2583634605436225       9.25661953628187433E-016
   2.2811752126703260       9.02264821656692814E-016
   2.3042173865356830       8.79442248977571913E-016
   2.3274923096320030       8.57180265852289472E-016
   2.3510023329616194       8.35465242897002055E-016
   2.3747498312743631       8.14283882809632817E-016
   2.3987372033074377       7.93623212297869361E-016
   2.4229668720277147       7.73470574203168266E-016
   2.4474412848764793       7.53813619815957326E-016
   2.4721629140166459       7.34640301377352311E-016
   2.4971342565824708       7.15938864762808321E-016
   2.5223578349317886       6.97697842343238519E-016
   2.5478361969007963       6.79906046019240101E-016
   2.5735719160614106       6.62552560424170825E-016
   2.5995675919812227       6.45626736291920756E-016
   2.6258258504860836       6.29118183985318181E-016
   2.6523493439253372       6.13016767181217108E-016
   2.6791407514397347       5.97312596708392244E-016
   2.7062027792320551       5.81996024534472291E-016
   2.7335381608404599       5.67057637898224203E-016
   2.7611496574146059       5.52488253583594179E-016
   2.7890400579945513       5.38278912331991403E-016
   2.8172121797924761       5.24420873389387709E-016
   2.8456688684772486       5.10905609184888224E-016
   2.8744129984618674       4.97724800137505904E-016
   2.9034474731938054       4.84870329587951786E-016
   2.9327752254482884       4.72334278852330883E-016
   2.9623992176245340       4.60108922394706882E-016
   2.9923224420449839       4.48186723115571820E-016
   3.0225479212575594       4.36560327753330579E-016
   3.0530787083409692       4.25222562395979536E-016
   3.0839178872131003       4.14166428100228422E-016
   3.1150685729425258       4.03385096615381615E-016
   3.1465339120631572       3.92871906209363274E-016
   3.1783170828920779       3.82620357594334578E-016
   3.2104212958505838       3.72624109949419154E-016
   3.2428497937884684       3.62876977038112862E-016
   3.2756058523115841       3.53372923418019649E-016
   3.3086927801127111       3.44106060740616050E-016
   3.3421139193057687       3.35070644138807967E-016
   3.3758726457634030       3.26261068700105095E-016
   3.4099723694579827       3.17671866023296317E-016
   3.4444165348060429       3.09297700856568627E-016
   3.4792086210162050       3.01133367815073323E-016
   3.5143521424406110       2.93173788175996749E-016
   3.5498506489299100       2.85414006749253211E-016
   3.5857077261918282       2.77849188821973418E-016
   3.6219269961533618       2.70474617175016515E-016
   3.6585121173266280       2.63285689169791909E-016
   3.6954667851784122       2.56277913903728604E-016
   3.7327947325034465       2.49446909432786383E-016
   3.7704997298014611       2.42788400059454809E-016
   3.8085855856580415       2.36298213684740387E-016
   3.8470561471293347       2.29972279222691372E-016
   3.8859153001306410       2.23806624076063081E-016
   3.9251669698289304       2.17797371671775220E-016
   3.9648151210393237       2.11940739054860980E-016
   4.0048637586255795       2.06233034539656074E-016
   4.0453169279046257       2.00670655417021723E-016
   4.0861787150551772       1.95250085716440099E-016
   4.1274532475304824       1.89967894021863820E-016
   4.1691446944752348       1.84820731340243745E-016
   4.2112572671467019       1.79805329021696525E-016
   4.2537952193401027       1.74918496730313730E-016
   4.2967628478182860       1.70157120464648307E-016
   4.3401644927457435       1.65518160626948300E-016
   4.3840045381270132       1.60998650140237750E-016
   4.4282874122495084       1.56595692612374993E-016
   4.4730175881308165       1.52306460546244417E-016
   4.5181995839705218       1.48128193595259370E-016
   4.5638379636065878       1.44058196863378350E-016
   4.6099373369763512       1.40093839248852388E-016
   4.6565023605821727       1.36232551830938081E-016
   4.7035377379617911       1.32471826298824477E-016
   4.7510482201634252       1.28809213422032149E-016
   4.7990386062256825       1.25242321561549611E-016
   4.8475137436623053       1.21768815220980890E-016
   4.8964785289518238       1.18386413636977277E-016
   4.9459379080321453       1.15092889408231540E-016
   4.9958968768001464       1.11886067162308489E-016
   5.0463604816163095       1.08763822259585240E-016
   5.0973338198144544       1.05724079533569547E-016
   5.1488220402166203       1.02764812066858702E-016
   5.2008303436531520       9.98840400019943590E-017
   5.2533639834880326       9.70798293864622578E-017
   5.3064282661495277       9.43502910510753778E-017
   5.3600285516661899       9.16935795209720924E-017
   5.4141702542082726       8.91078919584510731E-017
   5.4688588426346190       8.65914671368558695E-017
   5.5240998410450697       8.41425844447147203E-017
   5.5798988293384539       8.17595629193321055E-017
   5.6362614437762160       7.94407603090228380E-017
   5.6931933775517329       7.71845721631733357E-017
   5.7507003813653865       7.49894309493101260E-017
   5.8087882640054413       7.28538051963529232E-017
   5.8674628929347890       7.07761986632279948E-017
   5.9267301948836248       6.87551495320177270E-017
   5.9865961564481056       6.67892296248248653E-017
   6.0470668246950563       6.48770436435330602E-017
   6.1081483077727841       6.30172284316521298E-017
   6.1698467755280646       6.12084522574433121E-017
   6.2321684601293583       5.94494141175302752E-017
   6.2951196566963219       5.77388430602126423E-017
   6.3587067239356792       5.60754975277125241E-017
   6.4229360847835144       5.44581647165994200E-017
   6.4878142270540549       5.28856599556557619E-017
   6.5533477040950050       5.13568261004636462E-017
   6.6195431354494998       4.98705329440129244E-017
   6.6864072075247476       4.84256766426516830E-017
   6.7539466742674215       4.70211791567223798E-017
   6.8221683578458805       4.56559877052497749E-017
   6.8910791493392729       4.43290742340707120E-017
   6.9606860094336094       4.30394348968199108E-017
   7.0309959691248576       4.17860895482115805E-017
   7.1020161304291491       4.05680812490808717E-017
   7.1737536671001507       3.93844757826757613E-017
   7.2462158253536879       3.82343611817144418E-017
   7.3194099245996851       3.71168472657492767E-017
   7.3933433581815002       3.60310651884031286E-017
   7.4680235941227275       3.49761669940688071E-017
   7.5434581758815433       3.39513251836865860E-017
   7.6196547231126699       3.29557322892384247E-017
   7.6966209324370407       3.19886004566205757E-017
   7.7743645782192328       3.10491610365786591E-017
   7.8528935133527602       3.01366641834105702E-017
   7.9322156700532931       2.92503784611635411E-017
   8.0123390606598921       2.83895904570710966E-017
   8.0932717784443362       2.75536044019945924E-017
   8.1750219984286225       2.67417417976518756E-017
   8.2575979782107307       2.59533410504322587E-017
   8.3410080587987174       2.51877571116132042E-017
   8.4252606654532496       2.44443611238084046E-017
   8.5103643085386356       2.37225400734914395E-017
   8.5963275843824611       2.30216964494515627E-017
   8.6831591761439011       2.23412479070504030E-017
   8.7708678546908097       2.16806269381591898E-017
   8.8594624794856660       2.10392805466663423E-017
   8.9489519994804709       2.04166699294543657E-017
   9.0393454540206779       1.98122701627535046E-017
   9.1306519737582601       1.92255698937869970E-017
   9.2228807815740002       1.86560710376297691E-017
   9.3160411935090917       1.81032884792084353E-017
   9.4101426197061535       1.75667497803758679E-017
   9.5051945653597514       1.70459948919983301E-017
   9.6012066316765168       1.65405758709974858E-017
   9.6981885168449669       1.60500566022930398E-017
   9.7961500170151190       1.55740125255950063E-017
   9.8951010272879998       1.51120303669971230E-017
   9.9950515427151512       1.46637078753251615E-017
   10.096011659308234       1.42286535631956956E-017
   10.197991575058822       1.38064864527423023E-017
   10.301001590968507       1.33968358259671774E-017
   10.405052112089402       1.29993409796771187E-017
   10.510153648575153       1.26136509849632282E-017
   10.616316816742579       1.22394244511840200E-017
   10.723552340144019       1.18763292944118110E-017
   10.831871050650525       1.15240425103020594E-017
   10.941283889545986       1.11822499513451663E-017
   11.051801908632308       1.08506461084598917E-017
   11.163436271345766       1.05289338968869910E-017
   11.276198253884612       1.02168244463412519E-017
   11.390099246348093       9.91403689537927940E-018
   11.505150753886962       9.62029818993988936E-018
   11.621364397865618       9.33534288601304019E-018
   11.738751917035977       9.05891295639263064E-018
   11.857325168723209       8.79075760146760776E-018
   11.977096130023444       8.53063306400506690E-018
   12.098076899013581       8.27830244787825402E-018
   12.220279695973314       8.03353554069158872E-018
   12.343716864619509       7.79610864025411270E-018
   12.468400873353039       7.56580438485196310E-018
   12.594344316518221       7.34241158726987936E-018
   12.721559915674971       7.12572507251099959E-018
   12.850060520883810       6.91554551916362468E-018
   12.979859112003849       6.71167930436304890E-018
   13.110968800003889       6.51393835229601077E-018
   13.243402828286756       6.32213998619483957E-018
   13.377174574027027       6.13610678376792773E-018
   13.512297549522250       5.95566643601277873E-018
   13.648785403557829       5.78065160935752256E-018
   13.786651922785685       5.61089981107651757E-018
   13.925911033116854       5.44625325792540217E-018
   14.066576801128136       5.28655874794078700E-018
   14.208663435482965       5.13166753534959353E-018
   14.352185288366631       4.98143520853298847E-018
   14.497156856935991       4.83572157098978999E-018
   14.643592784783829       4.69439052524421712E-018
   14.791507863418008       4.55730995964287925E-018
   14.940917033755564       4.42435163798600718E-018
   15.091835387631884       4.29539109193802150E-018
   15.244278169325135       4.17030751616270017E-018
   15.398260777096096       4.04898366612841065E-018
   15.553798764743531       3.93130575852911087E-018
   15.710907843175285       3.81716337426705959E-018
   15.869603881995237       3.70644936394354679E-018
   16.029902911106301       3.59905975580422783E-018
   16.191821122329596       3.49489366608606613E-018
   16.355374871039995       3.39385321171326209E-018
   16.520580677818177       3.29584342529002140E-018
   16.687455230119372       3.20077217233844348E-018
   16.856015383958962       3.10855007073033025E-018
   17.026278165615114       3.01909041226224070E-018
   17.198260773348601       2.93230908632368494E-018
   17.371980579140001       2.84812450560890760E-018
   17.547455130444444       2.76645753382335138E-018
   17.724702151964085       2.68723141533652127E-018
   17.903739547438470       2.61037170673363820E-018
   18.084585401453001       2.53580621021916439E-018
   18.267257981265658       2.46346490882599974E-018
   18.451775738652181       2.39327990338489075E-018
   18.638157311769881       2.32518535120937429E-018
   18.826421527040285       2.25911740645233801E-018
   19.016587401050792       2.19501416209112591E-018
   19.208674142475548       2.13281559349890801E-018
   19.402701154015705       2.07246350356092203E-018
   19.598688034359299       2.01390146929502155E-018
   19.796654580160908       1.95707478993687004E-018
   19.996620788041323       1.90193043645100368E-018
   20.198606856607398       1.84841700242988255E-018
   20.402633188492320       1.79648465634397061E-018
   20.608720392416487       1.74608509510678587E-018
   20.816889285269180       1.69717149891980825E-018
   21.027160894211292       1.64969848736302043E-018
   21.239556458799285       1.60362207669779204E-018
   21.454097433130592       1.55889963834974541E-018
   21.670805488010700       1.51548985854011472E-018
   21.889702513142122       1.47335269903503951E-018
   22.110810619335478       1.43244935898310064E-018
   22.334152140742908       1.39274223781228534E-018
   22.559749637114049       1.35419489915842581E-018
   22.787625896074797       1.31677203579797882E-018
   23.017803935429090       1.28043943555884986E-018
   23.250307005483929       1.24516394818374133E-018
   23.485158591397909       1.21091345312128204E-018
   23.722382415553444       1.17765682822094329E-018
   23.962002439952975       1.14536391930846141E-018
   24.204042868639370       1.11400551061918099E-018
   24.448528150140778       1.08355329606739942E-018
   24.695482979940181       1.05397985133043475E-018
   24.944932302969878       1.02525860672674127E-018
   25.196901316131189       9.97363820867990378E-019
   25.451415470839585       9.70270555065585871E-019
   25.708500475595539       9.43954648472614732E-019
   25.968182298581354       9.18392693942734160E-019
   26.230487170284196       8.93562014587985514E-019
   26.495441586145652       8.69440641017968954E-019
   26.763072309238034       8.46007289243255153E-019
   27.033406372967711       8.23241339226319191E-019
   27.306471083805768       8.01122814063671431E-019
   27.582294024046231       7.79632359783232096E-019
   27.860903054592153       7.58751225741357233E-019
   28.142326317769854       7.38461245604252588E-019
   28.426592240171569       7.18744818898847215E-019
   28.713729535526838       6.99584893118495724E-019
   29.003767207602866       6.80964946369191230E-019
   29.296734553134208       6.62868970542245499E-019
   29.592661164782029       6.45281454999677553E-019
   29.891576934123261       6.28187370758819687E-019
   30.193512054669959       6.11572155162908699E-019
   30.498497024919150       5.95421697024690614E-019
   30.806562651433484       5.79722322230309388E-019
   31.117740051953014       5.64460779791001172E-019
   31.432060658538397       5.49624228330350845E-019
   31.749556220745855       5.35200222995108677E-019
   32.070258808834197       5.21176702777795761E-019
   32.394200817004240       5.07541978239559185E-019
   32.721414966670949       4.94284719621969922E-019
   33.051934309768633       4.81393945336679403E-019
   33.385792232089528       4.68859010822082362E-019
   33.723022456656089       4.56669597756355109E-019
   34.063659047127366       4.44815703616463039E-019
   34.407736411239767       4.33287631572957544E-019
   34.755289304282591       4.22075980710598193E-019
   35.106352832608678       4.11171636565064160E-019
   35.460962457180486       4.00565761966235380E-019
   35.819153997152007       3.90249788178742915E-019
   36.180963633486876       3.80215406330707873E-019
   36.546427912613005       3.70454559121803522E-019
   36.915583750114145       3.60959432801992140E-019
   37.288468434458736       3.51722449412500177E-019
   37.665119630766398       3.42736259280809822E-019
   38.045575384612526       3.33993733761652813E-019
   38.429874125871237       3.25487958216203900E-019
   38.818054672597206       3.17212225221874561E-019
   39.210156234946673       3.09160028005313670E-019
   39.606218419138052       3.01325054091422441E-019
   40.006281231452576       2.93701179161389446E-019
   40.410385082275333       2.86282461112948173E-019
   40.818570790177105       2.79063134316253221E-019
   41.230879586037481       2.72037604058958983E-019
   41.647353117209576       2.65200441174274386E-019
   42.068033451726848       2.58546376845949108E-019
   42.492963082552372       2.52070297584327918E-019
   42.922184931871080       2.45767240367785013E-019
   43.355742355425335       2.39632387944025220E-019
   43.793679146894277       2.33661064285908093E-019
   44.236039542317450       2.27848730196615562E-019
   44.682868224563080       2.22190979059147984E-019
   45.134210327841494       2.16683532725290547E-019
   45.590111442264138       2.11322237539346942E-019
   46.050617618448626       2.06103060492089287E-019
   46.515775372170332       2.01022085500518263E-019
   46.985631689060945       1.96075509809173482E-019
   47.460234029354488       1.91259640508871461E-019
   47.939630332681304       1.86570891168885279E-019
   48.423869022910409       1.82005778578713398E-019
   48.912999013040817       1.77560919595710934E-019
   49.407069710142238       1.73233028094984032E-019
   49.906131020345697       1.69018912018067682E-019
   50.410233353884543       1.64915470517025935E-019
   50.919427630186405       1.60919691190726422E-019
   51.433765283016569       1.57028647410153165E-019
   51.953298265673304       1.53239495729728105E-019
   52.478079056235664       1.49549473381716181E-019
   53.008160662864306       1.45955895850889181E-019
   53.543596629155864       1.42456154526721282E-019
   54.084441039551379       1.39047714430484117E-019
   54.630748524799372       1.35728112014699951E-019
   55.182574267474116       1.32494953032500162E-019
   55.739974007549613       1.29345910474522166E-019
   56.303004048029912       1.26278722571059977E-019
   56.871721260636278       1.23291190857264197E-019
   57.446183091551795       1.20381178299264158E-019
   58.026447567224039       1.17546607479159506E-019
   58.612573300226302       1.14785458836901707E-019
   59.204619495178086       1.12095768967153777E-019
   59.802645954725342       1.09475628969286131E-019
   60.406713085581153       1.06923182848729881E-019
   61.016881904627425       1.04436625967972264E-019
   61.633214045078205       1.02014203545540023E-019
   62.255771762705258       9.96542092013742077E-020
   62.884617942126525       9.73549835470574302E-020
   63.519816103158107       9.51149128194084260E-020
   64.161430407230412       9.29324275560118206E-020
   64.809525663869110       9.08060013113022046E-020
   65.464167337241520       8.87341494118701568E-020
   66.125421552769211       8.67154277497054765E-020
   66.793355103807286       8.47484316121393236E-020
   67.468035458391199       8.28317945472899265E-020
   68.149530766051711       8.09641872638603314E-020
   68.837909864698702       7.91443165641771739E-020
   69.533242287574453       7.73709243093996417E-020
   70.235598270277222       7.56427864158656576E-020
   70.945048757855787       7.39587118815796842E-020
   71.661665411975548       7.23175418418826527E-020
   72.385520618157116       7.07181486533781126E-020
   73.116687493087994       6.91594350052226320E-020
   73.855239892008072       6.76403330569207135E-020
   74.601252416169771       6.61598036017949803E-020
   75.354800420373508       6.47168352553326360E-020
   76.115960020579308       6.33104436676378636E-020
   76.884808101595269       6.19396707592478364E-020
   77.661422324843713       6.06035839795964371E-020
   78.445881136205770       5.93012755874360346E-020
   79.238263773945221       5.80318619525519927E-020
   80.038650276712346       5.67944828781290578E-020
   80.847121491628627       5.55883009431512946E-020
   81.663759082453154       5.44125008642394689E-020
   82.488645537831474       5.32662888763511999E-020
   83.321864179627752       5.21488921317893209E-020
   84.163499171341158       5.10595581169833535E-020
   85.013635526607231       4.99975540865278016E-020
   85.872359117785081       4.89621665139789674E-020
   86.739756684631402       4.79527005589285292E-020
   87.615915843062027       4.69684795498888773E-020
   88.500925094002042       4.60088444825402520E-020
   89.394873832325302       4.50731535329047041E-020
   90.297852355884146       4.41607815850256672E-020
   91.209951874630448       4.32711197727448911E-020
   92.131264519828733       4.24035750351813865E-020
   93.061883353362362       4.15575696855282106E-020
   94.001902377133703       4.07325409927943129E-020
   94.951416542559301       3.99279407761287645E-020
   95.910521760160904       3.91432350113743651E-020
   96.879314909253438       3.83779034495067962E-020
   97.857893847730750       3.76314392466236660E-020
   98.846357421950259       3.69033486051557859E-020
   99.844805476717440       3.61931504259802095E-020
   100.85333886537116       3.55003759711212578E-020
   101.87205945997087       3.48245685367322010E-020
   102.90107016158674       3.41652831360558509E-020
   103.94047491069368       3.35220861920680014E-020
   104.99037869767038       3.28945552395124190E-020
   106.05088757340442       3.22822786360411609E-020
   107.12210866000447       3.16848552821782287E-020
   108.20415016162067       3.11018943498290536E-020
   109.29712137537442       3.05330150190621887E-020
   110.40113270239840       2.99778462228938480E-020
   111.51629565898828       2.94360263998096336E-020
   112.64272288786695       2.89072032537618870E-020
   113.78052816956257       2.83910335213848781E-020
   114.92982643390160       2.78871827461741502E-020
   116.09073377161778       2.73953250593805486E-020
   117.26336744607856       2.69151429673734528E-020
   118.44784590512987       2.64463271452325183E-020
   119.64428879306047       2.59885762363316927E-020
   120.85281696268734       2.55415966576842488E-020
   122.07355248756298       2.51051024108226961E-020
   123.30661867430604       2.46788148979929590E-020
   124.55214007505660       2.42624627434477649E-020
   125.81024250005717       2.38557816196302805E-020
   127.08105303036078       2.34585140780452731E-020
   128.36470003066745       2.30704093846215250E-020
   129.66131316229036       2.26912233593760735E-020
   130.97102339625289       2.23207182201978209E-020
   132.29396302651807       2.19586624305752222E-020
   133.63026568335158       2.16048305511001652E-020
   134.98006634681977       2.12590030945876904E-020
   136.34350136042400       2.09209663846587924E-020
   137.72070844487274       2.05905124176412851E-020
   139.11182671199268       2.02674387276513640E-020
   140.51699667878049       1.99515482547263271E-020
   141.93636028159645       1.96426492158865017E-020
   143.37006089050146       1.93405549790121020E-020
   144.81824332373884       1.90450839394281124E-020
   146.28105386236246       1.87560593990976479E-020
   147.75864026501259       1.84733094483313814E-020
   149.25115178284099       1.81966668499274268E-020
   150.75873917458685       1.79259689256626968E-020
   152.28155472180489       1.76610574450631938E-020
   153.81975224424738       1.74017785163865675E-020
   155.37348711540139       1.71479824797560936E-020
   156.94291627818322       1.68995238023904932E-020
   158.52819826079113       1.66562609758791278E-020
   160.12949319271831       1.64180564154566628E-020
   161.74696282092759       1.61847763612356119E-020
   163.38077052618948       1.59562907813591348E-020
   165.03108133958534       1.57324732770399287E-020
   166.69806195917712       1.55132009894543985E-020
   168.38188076684557       1.52983545084639951E-020
   170.08270784529856       1.50878177831382466E-020
   171.80071499525107       1.48814780340561964E-020
   173.53607575277886       1.46792256673647855E-020
   175.28896540684732       1.44809541905743997E-020
   177.05956101701750       1.42865601300731047E-020
   178.84804143133081       1.40959429503421485E-020
   180.65458730437456       1.39090049748561888E-020
   182.47938111552986       1.37256513086522635E-020
   184.32260718740389       1.35457897625520659E-020
   186.18445170444838       1.33693307790222023E-020
   188.06510273176605       1.31961873596573183E-020
   189.96475023410713       1.30262749942708873E-020
   191.88358609505769       1.28595115915782854E-020
   193.82180413642192       1.26958174114565601E-020
   195.77960013779992       1.25351149987649119E-020
   197.75717185636356       1.23773291187095152E-020
   199.75471904683187       1.22223866937358122E-020
   201.77244348164834       1.20702167419309201E-020
   203.81054897136195       1.19207503169182469E-020
   205.86924138521411       1.17739204492258267E-020
   207.94872867193345       1.16296620891093598E-020
   210.04922088074088       1.14879120508103213E-020
   212.17093018256654       1.13486089582290092E-020
   214.31407089148135       1.12116931919917892E-020
   216.47885948634479       1.10771068378913619E-020
   218.66551463267152       1.09447936366783019E-020
   220.87425720471870       1.08146989351817279E-020
   223.10531030779666       1.06867696387364990E-020
   225.35889930080469       1.05609541648939823E-020
   227.63525181899465       1.04372023983930794E-020
   229.93459779696428       1.03154656473678929E-020
   232.25716949188310       1.01956966007681834E-020
   234.60320150695264       1.00778492869685250E-020
   236.97293081510369       9.96187903354194930E-021
   239.36659678293302       9.84774242817366682E-021
   241.78444119488182       9.73539728069045081E-021
   244.22670827765842       9.62480258618119586E-021
   246.69364472490750       9.51591848918415124E-021
   249.18549972212878       9.40870624891639235E-021
   251.70252497184725       9.30312820552114914E-021
   254.24497471903763       9.19914774730875189E-021
   256.81310577680568       9.09672927896707201E-021
   259.40717755232896       8.99583819071752534E-021
   262.02745207305958       8.89644082839290364E-021
   264.67419401319148       8.79850446441354870E-021
   267.34767072039546       8.70199726963863729E-021
   270.04815224282368       8.60688828606962101E-021
   272.77591135638755       8.51314740038315058E-021
   275.53122359231065       8.42074531827120699E-021
   278.31436726496025       8.32965353956641029E-021
   281.12562349995983       8.23984433413090385E-021
   283.96527626258569       8.15129071848752819E-021
   286.83361238645017       8.06396643317244815E-021
   289.73092160247489       7.97784592078868916E-021
   292.65749656815643       7.89290430474055441E-021
   295.61363289712773       7.80911736862919278E-021
   298.59962918901789       7.72646153629009574E-021
   301.61578705961404       7.64491385245362799E-021
   304.66241117132734       7.56445196401020247E-021
   307.73980926396700       7.48505410186207538E-021
   310.84829218582524       7.40669906334417696E-021
   313.98817392507601       7.32936619519682034E-021
   317.15977164149092       7.25303537707356171E-021
   320.36340569847567       7.17768700556788344E-021
   323.59939969542995       7.10330197874280667E-021
   326.86808050043430       7.02986168114794030E-021
   330.16977828326696       6.95734796930891840E-021
   333.50482654875452       6.88574315767453039E-021
   336.87356217045914       6.81503000500729055E-021
   340.27632542470622       6.74519170120358093E-021
   343.71346002495579       6.67621185452987946E-021
   347.18531315652103       6.60807447926198353E-021
   350.69223551163742       6.54076398371449702E-021
   354.23458132488628       6.47426515864824116E-021
   357.81270840897605       6.40856316604360341E-021
   361.42697819088488       6.34364352822818293E-021
   365.07775574836859       6.27949211734745397E-021
   368.76540984683697       6.21609514516750699E-021
   372.49031297660298       6.15343915319925453E-021
   376.25284139050808       6.09151100313382004E-021
   380.05337514192735       6.03029786757914656E-021
   383.89229812315892       5.96978722108815746E-021
   387.76999810420091       5.90996683146912899E-021
   391.68686677192011       5.85082475136921246E-021
   395.64329976961625       5.79234931012232787E-021
   399.63969673698614       5.73452910585293464E-021
   403.67646135049102       5.67735299782748144E-021
   407.75400136413236       5.62081009904554405E-021
   411.87272865063875       5.56488976906297681E-021
   416.03305924306943       5.50958160703962298E-021
   420.23541337683781       5.45487544500437841E-021
   424.48021553215943       5.40076134133063056E-021
   428.76789447692875       5.34722957441534146E-021
   433.09888331002907       5.29427063655525171E-021
   437.47361950507985       5.24187522801389458E-021
   441.89254495462609       5.19003425127334211E-021
   446.35610601477384       5.13873880546477833E-021
   450.86475355027659       5.08798018097220605E-021
   455.41894298007736       5.03774985420379156E-021
   460.01913432331048       4.98803948252551560E-021
   464.66579224576816       4.93884089935200799E-021
   469.35938610683655       4.89014610938957669E-021
   474.10039000690563       4.84194728402665468E-021
   478.88928283525820       4.79423675686701097E-021
   483.72654831844261       4.74700701940126294E-021
   488.61267506913396       4.70025071681235589E-021
   493.54815663548885       4.65396064391082992E-021
   498.53349155099886       4.60812974119585092E-021
   503.56918338484735       4.56275109103810084E-021
   508.65574079277508       4.51781791398076145E-021
   513.79367756845966       4.47332356515497804E-021
   518.98351269541376       4.42926153080627851E-021
   524.22577039940779       4.38562542492857367E-021
   529.52098020142205       4.34240898600246172E-021
   534.86967697113334       4.29960607383470354E-021
   540.27240098094273       4.25721066649580215E-021
   545.72969796054826       4.21521685735276767E-021
   551.24211915206899       4.17361885219423724E-021
   556.81022136572631       4.13241096644519892E-021
   562.43456703608717       4.09158762246870292E-021
   568.11572427887597       4.05114334695200449E-021
   573.85426694835962       4.01107276837470559E-021
   579.65077469531275       3.97137061455650666E-021
   585.50583302556845       3.93203171028230857E-021
   591.42003335916002       3.89305097500246111E-021
   597.39397309006063       3.85442342060604124E-021
   603.42825564652594       3.81614414926512128E-021
   609.52349055204638       3.77820835134806297E-021
   615.68029348691550       3.74061130339993766E-021
   621.89928635041974       3.70334836618825507E-021
   628.18109732365633       3.66641498281224936E-021
   634.52636093298622       3.62980667687400921E-021
   640.93571811412755       3.59351905070984896E-021
   647.40981627689655       3.55754778368034543E-021
   653.94930937060258       3.52188863051752059E-021
   660.55485795010361       3.48653741972773936E-021
   667.22712924252892       3.45149005204891029E-021
   673.96679721467569       3.41674249896065842E-021
   680.77454264108655       3.38229080124617392E-021
   687.65105317281473       3.34813106760449571E-021
   694.59702340688352       3.31425947331204090E-021
   701.61315495644806       3.28067225893222800E-021
   708.70015652166467       3.24736572907210256E-021
   715.85874396127747       3.21433625118488943E-021
   723.08964036492671       3.18158025441747272E-021
   730.39357612618858       3.14909422850181428E-021
   737.77128901635206       3.11687472268937321E-021
   745.22352425894144       3.08491834472762374E-021
   752.75103460499133       3.05322175987780657E-021
   760.35458040908213       3.02178168997307086E-021
   768.03492970614354       2.99059491251621290E-021
   775.79285828903392       2.95965825981622946E-021
   783.62914978690299       2.92896861816294618E-021
   791.54459574434645       2.89852292703899969E-021
   799.53999570136011       2.86831817836848300E-021
   807.61615727410117       2.83835141580158332E-021
   815.77389623646582       2.80861973403455762E-021
   824.01403660249071       2.77912027816442647E-021
   832.33741070958661       2.74985024307776966E-021
   840.74485930261278       2.72080687287302845E-021
   849.23723161880082       2.69198746031573373E-021
   857.81538547353614       2.66338934632608902E-021
   866.48018734700622       2.63500991949835129E-021
   875.23251247172345       2.60684661565145505E-021
   884.07324492093278       2.57889691741033439E-021
   893.00327769791193       2.55115835381739633E-021
   902.02351282617371       2.52362849997360305E-021
   911.13486144057947       2.49630497670861883E-021
   920.33824387937318       2.46918545027946515E-021
   929.63458977714458       2.44226763209713460E-021
   939.02483815873188       2.41554927848058867E-021
   948.50993753407261       2.38902819043755421E-021
   958.09084599401274       2.36270221347152866E-021
   967.76853130708355       2.33656923741436977E-021
   977.54397101725613       2.31062719628382604E-021
   987.41815254268295       2.28487406816534366E-021
   997.39207327543738       2.25930787511744845E-021
   1007.4667406822600       2.23392668309997262E-021
   1017.6431724063233       2.20872860192434885E-021
   1027.9223963700235       2.18371178522516933E-021
   1038.3054508788116       2.15887443045214015E-021
   1048.7933847260724       2.13421477888153187E-021
   1059.3872572990631       2.10973111564615637E-021
   1070.0881386859223       2.08542176978285418E-021
   1080.8971097837600       2.06128511429640526E-021
   1091.8152624078384       2.03731956623871064E-021
   1102.8436994018571       2.01352358680202743E-021
   1113.9835347493506       1.98989568142495321E-021
   1125.2358936862126       1.96643439990978141E-021
   1136.6019128143562       1.94313833654976803E-021
   1148.0827402165214       1.92000613026475809E-021
   1159.6795355722438       1.89703646474352353E-021
   1171.3934702749937       1.87422806859107616E-021
   1183.2257275504987       1.85157971547911853E-021
   1195.1775025762613       1.82909022429768909E-021
   1207.2500026022842       1.80675845930595722E-021
   1219.4444470730143       1.78458333028001582E-021
   1231.7620677505195       1.76256379265540762E-021
   1244.2041088389085       1.74069884766201666E-021
   1256.7718271100086       1.71898754244884482E-021
   1269.4664920303119       1.69742897019607916E-021
   1282.2893858892039       1.67602227021175609E-021
   1295.2418039284887       1.65476662801021217E-021
   1308.3250544732209       1.63366127536942230E-021
   1321.5404590638595       1.61270549036421409E-021
   1334.8893525897572       1.59189859737226195E-021
   1348.3730834239973       1.57123996704968120E-021
   1361.9930135595932       1.55072901627295920E-021
   1375.7505187470638       1.53036520804389755E-021
   1389.6469886333978       1.51014805135418403E-021
   1403.6838269024220       1.49007710100616530E-021
   1417.8624514165879       1.47015195738636914E-021
   1432.1842943601898       1.45037226618831090E-021
   1446.6508023840302       1.43073771808112235E-021
   1461.2634367515457       1.41124804832056934E-021
   1476.0236734864097       1.39190303629907427E-021
   1490.9330035216260       1.37270250503142278E-021
   1505.9929328501273       1.35364632057293622E-021
   1521.2049826768964       1.33473439136700814E-021
   1536.5706895726225       1.31596666751905069E-021
   1552.0916056289116       1.29734313999407455E-021
   1567.7692986150621       1.27886383973533541E-021
   1583.6053521364263       1.26052883670171057E-021
   1599.6013657943699       1.24233823882174009E-021
   1615.7589553478485       1.22429219086256634E-021
   1632.0797528766147       1.20639087321233097E-021
   1648.5654069460754       1.18863450057495134E-021
   1665.2175827738135       1.17102332057658717E-021
   1682.0379623977915       1.15355761228352576E-021
   1699.0282448462540       1.13623768463165795E-021
   1716.1901463093475       1.11906387476818659E-021
   1733.5254003124721       1.10203654630670077E-021
   1751.0357578913861       1.08515608749726040E-021
   1768.7229877690768       1.06842290931366248E-021
   1786.5888765344209       1.05183744346059560E-021
   1804.6352288226474       1.03540014030394443E-021
   1822.8638674976237       1.01911146672804464E-021
   1841.2766338359836       1.00297190392424904E-021
   1859.8753877131148       9.86981945115700189E-022
   1878.6620077910252       9.71142093223741429E-022
   1897.6383917081062       9.55452858481907113E-022
   1916.8064562708144       9.39914756003927670E-022
   1936.1681376472873       9.24528303312651085E-022
   1955.7253915629165       9.09294017837202896E-022
   1975.4801934978955       8.94212414386109497E-022
   1995.4345388867632       8.79284002604450322E-022
   2015.5904433199628       8.64509284423408070E-022
   2035.9499427474373       8.49888751510830600E-022
   2056.5150936842801       8.35422882731613657E-022
   2077.2879734184648       8.21112141626842709E-022
   2098.2706802206717       8.06956973920707006E-022
   2119.4653335562339       7.92957805064203701E-022
   2140.8740742992263       7.79115037824594373E-022
   2162.4990649487136       7.65429049929459685E-022
   2184.3424898471853       7.51900191774002326E-022
   2206.4065554011972       7.38528784200012869E-022
   2228.6934903042397       7.25315116354593312E-022
   2251.2055457618585       7.12259443636371149E-022
   2273.9449957190491       6.99361985736510670E-022
   2296.9141370899488       6.86622924781355807E-022
   2320.1152899898475       6.74042403583018723E-022
   2343.5507979695431       6.61620524003664002E-022
   2367.2230282520636       6.49357345438642178E-022
   2391.1343719717815       6.37252883422997608E-022
   2415.2872444159411       6.25307108365224828E-022
   2439.6840852686273       6.13519944411472903E-022
   2464.3273588571992       6.01891268442722172E-022
   2489.2195544012116       5.90420909206766016E-022
   2514.3631862638499       5.79108646586146932E-022
   2539.7607942059090       5.67954211002513699E-022
   2565.4149436423322       5.56957282957206309E-022
   2591.3282259013458       5.46117492707219755E-022
   2617.5032584862079       5.35434420075076379E-022
   2643.9426853396039       5.24907594390537530E-022
   2670.6491771107112       5.14536494561517934E-022
   2697.6254314249609       5.04320549271035926E-022
   2724.8741731565260       4.94259137296537422E-022
   2752.3981547035614       4.84351587947480466E-022
   2780.2001562662235       4.74597181616655154E-022
   2808.2829861274986       4.64995150440348216E-022
   2836.6494809368673       4.55544679062138340E-022
   2865.3025059968359       4.46244905494831355E-022
   2894.2449555523594       4.37094922074814285E-022
   2923.4797530831916       4.28093776502915438E-022
   2953.0098515991835       4.19240472965718344E-022
   2982.8382339385694       4.10533973331169989E-022
   3012.9679130692621       4.01973198412265549E-022
   3043.4019323931939       3.93557029292566427E-022
   3074.1433660537314       3.85284308707322708E-022
   3105.1953192461933       3.77153842474016769E-022
   3136.5609285315086       3.69164400966223680E-022
   3168.2433621530390       3.61314720624793682E-022
   3200.2458203566052       3.53603505500492221E-022
   3232.5715357137428       3.46029428822393922E-022
   3265.2237734482251       3.38591134586503306E-022
   3298.2058317658839       3.31287239159272917E-022
   3331.5210421877614       3.24116332890901700E-022
   3365.1727698866275       3.17076981733522082E-022
   3399.1644140268963       3.10167728859620402E-022
   3433.4994081079763       3.03387096276280675E-022
   3468.1812203110871       2.96733586431092779E-022
   3503.2133538495832       2.90205683805819757E-022
   3538.5993473228114       2.83801856494179432E-022
   3574.3427750735468       2.77520557760349662E-022
   3610.4472475490370       2.71360227575067163E-022
   3646.9164116656939       2.65319294126441030E-022
   3683.7539511774685       2.59396175302853810E-022
   3720.9635870479478       2.53589280145567972E-022
   3758.5490778262101       2.47897010268894851E-022
   3796.5142200264750       2.42317761246014462E-022
   3834.8628485115910       2.36849923958759647E-022
   3873.5988368803951       2.31491885909894286E-022
   3912.7260978589848       2.26242032496621263E-022
   3952.2485836959440       2.21098748244254287E-022
   3992.1702865615598       2.16060417999176139E-022
   4032.4952389510704       2.11125428080383903E-022
   4073.2275140919905       2.06292167389089755E-022
   4114.3712263555462       2.01559028476005066E-022
   4155.9305316722694       1.96924408566084067E-022
   4197.9096279517871       1.92386710540640799E-022
   4240.3127555068559       1.87944343876883120E-022
   4283.1441974816726       1.83595725545027187E-022
   4326.4082802845178       1.79339280863263888E-022
   4370.1093740247652       1.75173444310951750E-022
   4414.2518929543085       1.71096660300501662E-022
   4458.8402959134428       1.67107383908503348E-022
   4503.8790867812550       1.63204081566718165E-022
   4549.3728149305607       1.59385231713631383E-022
   4595.3260756874352       1.55649325407317655E-022
   4641.7435107953888       1.51994866900425327E-022
   4688.6298088842314       1.48420374178133464E-022
   4735.9897059436680       1.44924379459975439E-022
   4783.8279858016849       1.41505429666456401E-022
   4832.1494806077626       1.38162086851421845E-022
   4880.9590713209727       1.34892928601157691E-022
   4930.2616882030024       1.31696548401220788E-022
   4980.0623113161637       1.28571555972013045E-022
   5030.3659710264283       1.25516577574122721E-022
   5081.1777485115435       1.22530256284462105E-022
   5132.5027762742866       1.19611252244233018E-022
   5184.3462386608953       1.16758242879751751E-022
   5236.7133723847428       1.13969923097160275E-022
   5289.6094670552957       1.11245005452044998E-022
   5343.0398657124197       1.08582220294974206E-022
   5397.0099653660809       1.05980315893955347E-022
   5451.5252175414962       1.03438058534799389E-022
   5506.5911288297939       1.00954232600364440E-022
   5562.2132614442362       9.85276406296347488E-023
   5618.3972337820569       9.61571033575727429E-023
   5675.1487209919769       9.38414597366630461E-023
   5732.4734555474515       9.15795669410465611E-023
   5790.3772278257084       8.93703003541223200E-023
   5848.8658866926344       8.72125535404725643E-023
   5907.9453400935699       8.51052382029439536E-023
   5967.6215556500711       8.30472841256952285E-023
   6027.9005612626979       8.10376391039981107E-023
   6088.7884457198970       7.90752688615543933E-023
   6150.2913593130270       7.71591569560691386E-023
   6212.4155144576034       7.52883046737951163E-023
   6275.1671863208112       7.34617309137408032E-023
   6338.5527134553649       7.16784720622094243E-023
   6402.5784984397624       6.99375818583138064E-023
   6467.2510085250124       6.82381312510876695E-023
   6532.5767762878913       6.65792082487912473E-023
   6598.5624002907998       6.49599177609859958E-023
   6665.2145457482829       6.33793814339305783E-023
   6732.5399452002857       6.18367374798280144E-023
   6800.5453991922077       6.03311405004323738E-023
   6869.2377769618261       5.88617613055017020E-023
   6938.6240171331574       5.74277867265630048E-023
   7008.7111284173307       5.60284194264348259E-023
   7079.5061903205360       5.46628777049327128E-023
   7151.0163538591278       5.33303953011635510E-023
   7223.2488422819470       5.20302211927959501E-023
   7296.2109517999461       5.07616193926748888E-023
   7369.9100523231782       4.95238687431316215E-023
   7444.3535882052302       4.83162627083219154E-023
   7519.5490789951818       4.71381091649089985E-023
   7595.5041201971535       4.59887301913914207E-023
   7672.2263840375290       4.48674618563599873E-023
   7749.7236202399281       4.37736540059527867E-023
   7828.0036568080086       4.27066700507625332E-023
   7907.0744008161701       4.16658867524363466E-023
   7986.9438392082529       4.06506940101938703E-023
   8067.6200396042959       3.96604946474771866E-023
   8149.1111511154504       3.86947041989323201E-023
   8231.4254051671214       3.77527506979106046E-023
   8314.5711163304259       3.68340744646658830E-023
   8398.5566831620472       3.59381278954124285E-023
   8483.3905890525730       3.50643752523974402E-023
   8569.0814030834063       3.42122924551314421E-023
   8655.6377808923298       3.33813668729101445E-023
   8743.0684655478071       3.25710971187514132E-023
   8831.3822884321289       3.17809928448617031E-023
   8920.5881701334638       3.10105745397379279E-023
   9010.6951213469329       3.02593733270016737E-023
   9101.7122437847811       2.95269307660549526E-023
   9193.6487310957382       2.88127986546388815E-023
   9286.5138697936745       2.81165388333691024E-023
   9380.3170401956304       2.74377229923148693E-023
   9475.0677173693239       2.67759324796818060E-023
   9570.7754720902267       2.61307581126520284E-023
   9667.4499718083098       2.55017999904289795E-023
   9765.1009816245551       2.48886673095286488E-023
   9863.7383652773278       2.42909781813530586E-023
   9963.3720861387155       2.37083594520767170E-023
   10064.012208220925       2.31404465248715437E-023
   10165.668897192854       2.25868831844909398E-023
   10268.352421406924       2.20473214242291788E-023
   10372.073152936287       2.15214212752678179E-023
   10476.841568622513       2.10088506384167506E-023
   10582.668251133851       2.05092851182534962E-023
   10689.563890034193       2.00224078596608249E-023
   10797.539282862821       1.95479093867590317E-023
   10906.605336225071       1.90854874442261299E-023
   11016.773066894011       1.86348468409959268E-023
   11128.053602923244       1.81956992963212312E-023
   11240.458184770954       1.77677632881866273E-023
   11353.998166435307       1.73507639040527541E-023
   11468.685016601321       1.69444326939118679E-023
   11584.530319799314       1.65485075256322125E-023
   11701.545777575066       1.61627324425670004E-023
   11819.743209671784       1.57868575234020287E-023
   11939.134555224024       1.54206387442146698E-023
   12059.731873963661       1.50638378427156737E-023
   12181.547347438041       1.47162221846443784E-023
   12304.593280240446       1.43775646322871451E-023
   12428.882101252975       1.40476434150885910E-023
   12554.426364901996       1.37262420023249097E-023
   12681.238752426259       1.34131489778089359E-023
   12809.332073157839       1.31081579165970260E-023
   12938.719265815998       1.28110672636687788E-023
   13069.413399814141       1.25216802145517910E-023
   13201.427676579940       1.22398045978653730E-023
   13334.775430888829       1.19652527597590350E-023
   13469.470132210938       1.16978414502241247E-023
   13605.525386071655       1.14373917112597970E-023
   13742.954935425914       1.11837287668778508E-023
   13881.772662046378       1.09366819149346971E-023
   14021.992587925635       1.06960844207829960E-023
   14163.628876692561       1.04617734127401358E-023
   14306.695835042990       1.02335897793757863E-023
   14451.207914184839       1.00113780686263724E-023
   14597.179711297817       9.79498638875007495E-024
   14744.625971007896       9.58426631114226768E-024
   14893.561586876662       9.37907277503775535E-024
   15044.001602905719       9.17926399413282915E-024
   15195.961215056283       8.98470136516696528E-024
   15349.455772784124       8.79524937851078669E-024
   15504.500780590024       8.61077553081345130E-024
   15661.111899585883       8.43115023976913471E-024
   15819.304949076650       8.25624676106808248E-024
   15979.095908158231       8.08594110760312605E-024
   16140.500917331547       7.92011197100702171E-024
   16303.536280132876       7.75864064559961772E-024
   16468.218464780683       7.60141095482613335E-024
   16634.564105839072       7.44830918026892286E-024
   16802.590005898051       7.29922399331448862E-024
   16972.313137270758       7.15404638955525985E-024
   17143.750643707837       7.01266962600144790E-024
   17316.919842129129       6.87498916117214121E-024
   17491.838224372859       6.74090259812649098E-024
   17668.523458962485       6.61030963048553875E-024
   17846.993392891400       6.48311199148262815E-024
   18027.266053425657       6.35921340606590683E-024
   18209.359649924907       6.23851954605994230E-024
   18393.292575681724       6.12093798837535714E-024
   18579.083409779520       6.00637817623585455E-024
   18766.750918969214       5.89475138337129691E-024
   18956.314059564862       5.78597068110414749E-024
   19147.791979358448       5.67995090823487232E-024
   19341.204019553988       5.57660864361038137E-024
   19536.569716721202       5.47586218123871029E-024
   19733.908804768889       5.37763150779341384E-024
   19933.241216938273       5.28183828233301389E-024
   20134.587087816439       5.18840581804483227E-024
   20337.966755370140       5.09725906580894297E-024
   20543.400763000143       5.00832459936730453E-024
   20750.909861616306       4.92153060187550732E-024
   20960.515011733642       4.83680685361027429E-024
   21172.237385589538       4.75408472060501299E-024
   21386.098369282361       4.67329714398827505E-024
   21602.119564931680       4.59437862980587790E-024
   21820.322792860283       4.51726523911662290E-024
   22040.730093798265       4.44189457816354252E-024
   22263.363731109359       4.36820578843734816E-024
   22488.246193039755       4.29613953646566821E-024
   22715.400194989652       4.22563800318043716E-024
   22944.848681807729       4.15664487273596880E-024
   23176.614830108818       4.08910532067132632E-024
   23410.722050614968       4.02296600133216313E-024
   23647.193990520169       3.95817503448879310E-024
   23886.054535878960       3.89468199110848298E-024
   24127.327814019151       3.83243787826041447E-024
   24371.038195978941       3.77139512315116094E-024
   24617.210298968628       3.71150755630659299E-024
   24865.868988857201       3.65273039393259313E-024
   25117.039382684041       3.59502021950173096E-024
   25370.746851196000       3.53833496462596885E-024
   25627.017021410102       3.48263388928649185E-024
   25885.875779202124       3.42787756150086016E-024
   26147.349271921339       3.37402783651490991E-024
   26411.463911031657       3.32104783561222229E-024
   26678.246374779450       3.26890192463766175E-024
   26947.723610888333       3.21755569233351326E-024
   27219.922839281146       3.16697592858733328E-024
   27494.871554829439       3.11713060268980602E-024
   27772.597530130748       3.06798884169892364E-024
   28053.128818313886       3.01952090900375639E-024
   28336.493755872612       2.97169818317708341E-024
   28622.720965527893       2.92449313720145370E-024
   28911.839359119083       2.87787931814781027E-024
   29203.878140524328       2.83183132737991442E-024
   29498.866808610434       2.78632480135145306E-024
   29796.835160212559       2.74133639305602968E-024
   30097.813293143998       2.69684375418332721E-024
   30401.831609236360       2.65282551802761892E-024
   30708.920817410464       2.60926128318756914E-024
   31019.111936778248       2.56613159808897307E-024
   31332.436299776007       2.52341794635471018E-024
   31648.925555329301       2.48110273303881015E-024
   31968.611672049799       2.43916927173415724E-024
   32291.526941464443       2.39760177255593354E-024
   32617.703981277216       2.35638533099552899E-024
   32947.175738663856       2.31550591763223058E-024
   33279.975493599857       2.27495036868257288E-024
   33616.136862222076       2.23470637735978087E-024
   33955.693800224319       2.19476248600822275E-024
   34298.680606287191       2.15510807897024100E-024
   34645.131925542621       2.11573337613506508E-024
   34995.082753073351       2.07662942711180400E-024
   35348.568437447830       2.03778810596065990E-024
   35705.624684290735       1.99920210640861091E-024
   36066.287559889628       1.96086493746773615E-024
   36430.593494838009       1.92277091936625744E-024
   36798.579287715162       1.88491517969414623E-024
   37170.282108803192       1.84729364965687415E-024
   37545.739503841607       1.80990306032260545E-024
   37924.989397819809       1.77274093873986092E-024
   38308.070098807890       1.73580560379450424E-024
   38695.020301826153       1.69909616166687981E-024
   39085.879092753690       1.66261250074217686E-024
   39480.685952276457       1.62635528581967200E-024
   39879.480759875209       1.59032595145959268E-024
   40282.303797853747       1.55452669430003486E-024
   40689.195755407825       1.51896046417087885E-024
   41100.197732735178       1.48363095382709936E-024
   41515.351245187048       1.44854258712051410E-024
   41934.698227461668       1.41370050542704130E-024
   42358.281037840068       1.37911055214619022E-024
   42786.142462464719       1.34477925509101571E-024
   43218.325719661334       1.31071380659043409E-024
   43654.874464304376       1.27692204113179660E-024
   44095.832792226640       1.24341241038031246E-024
   44541.245244673373       1.21019395542347532E-024
   44991.156812801390       1.17727627610335289E-024
   45445.612942223626       1.14466949731766612E-024
   45904.659537599626       1.11238423219216331E-024
   46368.342967272351       1.08043154205206074E-024
   46836.710067951870       1.04882289314930525E-024
   47309.808149446333       1.01757011013516230E-024
   47787.684999440738       9.86685326304041881E-025
   48270.388888323978       9.56180930674384999E-025
   48757.968574064624       9.26069512015561744E-025
   49250.473307135981       8.96363799975695146E-025
   49747.952835490891       8.67076603513587022E-025
   50250.457409586757       8.38220746887868113E-025
   50758.037787461370       8.09809003507327436E-025
   51270.745239859971       7.81854027997237290E-025
   51788.631555414111       7.54368286886345858E-025
   52311.749045872843       7.27363988366992036E-025
   52840.150551386709       7.00853011625328770E-025
   53373.889445845161       6.74846836278693337E-025
   53913.019642267842       6.49356472491547719E-025
   54457.595598250344       6.24392392368882603E-025
   55007.672321464997       5.99964463245455446E-025
   55563.305375217169       5.76081883499666415E-025
   56124.550884057746       5.52753121521420029E-025
   56691.465539452271       5.29985858453326690E-025
   57264.106605507346       5.07786935303635301E-025
   57842.531924754898       4.86162304997214145E-025
   58426.799923994848       4.65116989887871255E-025
   59016.969620196818       4.44655045201767000E-025
   59613.100626461433       4.24779528818406743E-025
   60215.253158041851       4.05492477723761935E-025
   60823.488038426112       3.86794891390809328E-025
   61437.866705480919       3.68686722257776991E-025
   62058.451217657494       3.51166873385412166E-025
   62685.304260260098       3.34233203283565941E-025
   63318.489151777874       3.17882537806290952E-025
   63958.069850280684       3.02110688925475092E-025
   64604.110959879479       2.86912480107720889E-025
   65256.677737252001       2.72281777939522347E-025
   65915.836098234344       2.58211529573441008E-025
   66581.652624479131       2.44693805504314155E-025
   67254.194570180945       2.31719847130687366E-025
   67933.529868869649       2.19280118513469124E-025
   68619.727140272371       2.07364361711773617E-025
   69312.855697244813       1.95961655055261310E-025
   70012.985552772545       1.85060473702893287E-025
   70720.187427042969       1.74648751839503784E-025
   71434.532754588858       1.64713945873324310E-025
   72156.093691503891       1.55243098018723291E-025
   72884.943122731202       1.46222899677899999E-025
   73621.154669425450       1.37639754071971465E-025
   74364.802696389350       1.29479837614542020E-025
   75115.962319585204       1.21729159568194960E-025
   75874.709413722434       1.14373619575094466E-025
   76641.120619921654       1.07399062705810447E-025
   77415.273353456214       1.00791331724390939E-025
   78197.245811571935       9.45363163215383294E-026
   78987.116981385800       8.86199991205240198E-026
   79784.966647864450       8.30284983113610662E-026
   80590.875401883284       7.77481068170395348E-026
   81404.924648366956       7.27653279407400241E-026
   82227.196614512082       6.80669074844373844E-026
   83057.774358093011       6.36398623668771075E-026
   83896.741775851522       5.94715058023555700E-026
   84744.183611971239       5.55494691309769333E-026
   85600.185466637617       5.18617204160985399E-026
   86464.833804684458       4.83965799456042076E-026
   87338.215964327741       4.51427327906173987E-026
   88220.420165987613       4.20892385884937603E-026
   89111.535521199607       3.92255387266684585E-026
   90011.652041615758       3.65414611104636755E-026
   90920.860648096728       3.40272227015837902E-026
   91839.253179895692       3.16734300150578709E-026
   92766.922403935037       2.94710777611416784E-026
   93703.962024176813       2.74115458154773613E-026
   94650.466691087684       2.54865946959262920E-026
   95606.532011199684       2.36883597182224224E-026
   96572.254556767351       2.20093439952105574E-026
   97547.731875522571       2.04424104361761215E-026
   98533.062500527856       1.89807728938703406E-026
   99528.345960129154       1.76179865974839480E-026
   100533.68278800925       1.63479380002050400E-026
   101549.17453334268       1.51648341602679017E-026
   102574.92377105322       1.40631917646944484E-026
   103611.03411217497       1.30378258953623691E-026
   104657.61021431815       1.20838386277007303E-026
   105714.75779224056       1.11966075432908983E-026
   106782.58362852583       1.03717742290008733E-026
   107861.19558436952       9.60523282705151624E-027
   108950.70261047425       8.89311869263804506E-027
   110051.21475805480       8.23179720843282727E-027
   111162.84318995435       7.61785279848910630E-027
   112285.70019187308       7.04807817775492072E-027
   113419.89918371018       6.51946386759007629E-027
   114565.55473102038       6.02918800234810294E-027
   115722.78255658624       5.57460644722736233E-027
   116891.69955210731       5.15324324319361132E-027
   118072.42379000739       4.76278139081114979E-027
   119265.07453536101       4.40105398126897351E-027
   120469.77225794042       4.06603567972873206E-027
   121686.63864438426       3.75583456332862278E-027
   122915.79661048915       3.46868431372632787E-027
   124157.37031362540       3.20293676193016443E-027
   125411.48516527819       2.95705478132584143E-027
   126678.26784371535       2.72960552323258629E-027
   127957.84630678319       2.51925398799346909E-027
   129250.34980483151       2.32475692349816651E-027
   130555.90889376920       2.14495704213063114E-027
   131874.65544825172       1.97877754640907345E-027
   133206.72267500174       1.82521695302220858E-027
   134552.24512626440       1.68334420454602939E-027
   135911.35871339840       1.55229405783302421E-027
   137284.20072060445       1.43126273788522656E-027
   138670.90981879237       1.31950384593989265E-027
   140071.62607958826       1.21632451049878508E-027
   141486.49098948308       1.12108177010739281E-027
   142915.64746412431       1.03317917682801818E-027
   144359.23986275183       9.52063609541019653E-028
   145817.41400277964       8.77222286442660675E-028
   147290.31717452488       8.08179966378302414E-028
   148778.09815608573       7.44496328949003986E-028
   150280.90722836944       6.85763523651806176E-028
   151798.89619027215       6.31603878653498903E-028
   153332.21837401227       5.81667760149736931E-028
   154881.02866061847       5.35631573621748687E-028
   156445.48349557421       4.93195898667811094E-028
   158025.74090462041       4.54083749453086265E-028
   159621.96050971758       4.18038953186515434E-028
   161234.30354516927       3.84824639394964228E-028
   162862.93287390834       3.54221833120759003E-028
   164508.01300394782       3.26028145517519128E-028
   166169.71010499779       3.00056555659451827E-028
   167848.19202525029       2.76134277709947931E-028
   169543.62830833363       2.54101707915579887E-028
   171256.19021043801       2.33811446200789341E-028
   172986.05071761415       2.15127387436209226E-028
   174733.38456324663       1.97923877739380286E-028
   176498.36824570366       1.82084931440402399E-028
   178281.18004616530       1.67503504606746651E-028
   180082.00004663161       1.54080821271071439E-028
   181901.01014811275       1.41725748743542818E-028
   183738.39408900277       1.30354218616034991E-028
   185594.33746363915       1.19888690279917896E-028
   187469.02774104965       1.10257653982209193E-028
   189362.65428388855       1.01395170636988813E-028
   191275.40836756420       9.32404457905033417E-029
   193207.48319955979       8.57374353096881423E-029
   195159.07393894930       7.88344805252969220E-029
   197130.37771611041       7.24839707128464263E-029
   199121.59365263677       6.66420309375590847E-029
   201132.92288145129       6.12682334238290443E-029
   203164.56856712251       5.63253307358440824E-029
   205216.73592638638       5.17790091742702225E-029
   207289.63224887513       4.75976609047419423E-029
   209383.46691805570       4.37521734376796097E-029
   211498.45143237949       4.02157351760571916E-029
   213634.79942664594       3.69636558385280177E-029
   215792.72669358176       3.39732006501389496E-029
   217972.45120563815       3.12234372720622637E-029
   220174.19313700823       2.86950945156776099E-029
   222398.17488586690       2.63704319552558765E-029
   224644.62109683527       2.42331196177329210E-029
   226913.75868367200       2.22681269878993027E-029
   229205.81685219394       2.04616206230455735E-029
   231521.02712342821       1.88008697229499561E-029
   233859.62335699820       1.72741590493225339E-029
   236221.84177474567       1.58707086336605857E-029
   238607.92098459159       1.45805997541446853E-029
   241018.10200463797       1.33947067009231657E-029
   243452.62828751310       1.23046338850917141E-029
   245911.74574496274       1.13026578800612802E-029
   248395.70277268963       1.03816740149981288E-029
   250904.75027544406       9.53514716878098454E-030
   253439.14169236773       8.75706643960977477E-030
   255999.13302259368       8.04190339016706628E-030
   258584.98285110472       7.38457359121857547E-030
   261196.95237485325       6.78040120787664848E-030
   263835.30542914470       6.22508639256793960E-030
   266500.30851428758       5.71467526716328123E-030
   269192.23082251271       5.24553229385808364E-030
   271911.34426516434       4.81431485034052860E-030
   274657.92350016598       4.41794983964703140E-030
   277432.24595976365       4.05361217895981536E-030
   280234.59187854914       3.71870502450600105E-030
   283065.24432176683       3.41084160169116929E-030
   285924.48921390588       3.12782852060703879E-030
   288812.61536758172       2.86765046697139505E-030
   291729.91451270878       2.62845616714890081E-030
   294676.68132596847       2.40854553276360806E-030
   297653.21346057422       2.20635789496450756E-030
   300659.81157633761       2.02046123989331203E-030
   303696.77937003801       1.84954235453471891E-030
   306764.42360609898       1.69239778536798577E-030
   309863.05414757470       1.54792550137343676E-030
   312992.98398744920       1.41511713990809492E-030
   316154.52928025171       1.29305070316323208E-030
   319348.00937399163       1.18088357151663996E-030
   322573.74684241577       1.07784571678372079E-030
   325832.06751759170       9.83233039929128623E-031
   329123.30052281992       8.96400823950439768E-031
   332447.77830587869       8.16757371872871673E-031
   335805.83667260472       7.43757970083011500E-031
   339197.81482081284       6.76899353917936017E-031
   342624.05537455843       6.15714840238747886E-031
   346084.90441874589       5.59770233480135256E-031
   349580.71153408679       5.08660527356890324E-031
   353111.82983241091       4.62007341065567985E-031
   356678.61599233426       4.19456968292055633E-031
   360281.43029528717       3.80678889133746521E-031
   363920.63666190620       3.45364596624494892E-031
   367596.60268879414       3.13226611347201878E-031
   371309.69968565064       2.83997588691093481E-031
   375060.30271277844       2.57429454993398761E-031
   378848.79061896814       2.33292535935019543E-031
   382675.54607976577       2.11374661074715041E-031
   386540.95563612704       1.91480242310454924E-031
   390445.40973346168       1.73429332408703944E-031
   394389.30276107241       1.57056673936135104E-031
   398373.03309199231       1.42210750284986673E-031
   402397.00312322454       1.28752850077098248E-031
   406461.61931638845       1.16556154853347518E-031
   410567.29223877622       1.05504858143401071E-031
   414714.43660482450       9.54933221063574060E-032
   418903.47131800454       8.64252761343178598E-032
   423134.81951313588       7.82130602198576601E-032
   427408.90859912714       7.07769145447598403E-032
   431726.17030214862       6.40443156541343820E-032
   436087.04070924106       5.79493587196776052E-032
   440491.96031236474       5.24321847410445159E-032
   444941.37405289366       4.74384510545698185E-032
   449435.73136655928       4.29188431838318944E-032
   453975.48622884776       3.88286258492257511E-032
   458561.09720085631       3.51272308295557365E-032
   463193.02747561241       3.17778793170167178E-032
   467871.74492486101       2.87472364105614530E-032
   472597.72214632423       2.60050954374394081E-032
   477371.43651143863       2.35240898672383533E-032
   482193.37021357438       2.12794306779867714E-032
   487064.01031674183       1.92486671426411463E-032
   491983.84880478971       1.74114691210429469E-032
   496953.38263110071       1.57494290629382524E-032
   501973.11376878858       1.42458820487103704E-032
   507043.54926140263       1.28857423137164521E-032
   512165.20127414406       1.16553548178417737E-032
   517338.58714560006       1.05423605329049961E-032
   522564.22944000008       9.53557422608498978E-033
   527842.65600000008       8.62487361712394315E-033
   533174.40000000002       7.80109888046029990E-033
   538560.00000000000       7.05596155060208922E-033
   544000.00000000000       6.38196197004134875E-033
